id,TIPO_NOME,TIPO,Nome_UC,NGI,GR,CNUC,Atos_legais,UF,Bioma_predominante,Bioma_comp_RL,Area
0,APA ANHATOMIRIM,APA,AREA DE PROTECAO AMBIENTAL ANHATOMIRIM,ICMBio Florianopolis,GR5,0000.00.0001,DEC  528 de 20/05/1992,SC,MATA ATLANTICA,MATA ATLANTICA;SISTEMA COSTEIRO-MARINHO,4436.59022669087
1,APA BACIA DO RIO PARAIBA DO SUL,APA,AREA DE PROTECAO AMBIENTAL BACIA DO PARAIBA DO SUL,ICMBio Rio Paraiba do Sul,GR4,0000.00.1521,DEC  87.561 de 13/09/1982,MG;RJ;SP,MATA ATLANTICA,MATA ATLANTICA,292599.924223634
2,APA CARSTE DE LAGOA SANTA,APA,AREA DE PROTECAO AMBIENTAL CARSTE DE LAGOA SANTA,Gestao singular,GR4,0000.00.0020,DEC 98.881 de 25/01/1990; DEC 1.876 de 25/04/1996,MG,CERRADO,CERRADO,37735.5772361922
3,APA CAVERNAS DO PERUACU,APA,AREA DE PROTECAO AMBIENTAL CAVERNAS DO PERUACU,ICMBio Peruacu,GR4,0000.00.0002,DEC  98.182 de 26/09/1989,MG,CERRADO,CAATINGA;CERRADO,143355.585707481
4,APA COSTA DAS ALGAS,APA,AREA DE PROTECAO AMBIENTAL COSTA DAS ALGAS,Gestao singular,GR4,0000.00.1912,DEC S/N de 17/06/2010,ES,SISTEMA COSTEIRO-MARINHO,SISTEMA COSTEIRO-MARINHO,115001.922234107
5,APA DA ARARINHA AZUL,APA,AREA DE PROTECAO AMBIENTAL DA ARARINHA AZUL,ICMBio Juazeiro,GR2,0000.00.3696,DEC 9.402 de 05/06/2018,BA,CAATINGA,CAATINGA,90641.9177311315
6,APA DA BACIA DO RIO DESCOBERTO,APA,AREA DE PROTECAO AMBIENTAL DA BACIA DO RIO DESCOBERTO,ICMBio Descoberto-Brasilia,GR3,0000.00.0003,DEC  88.940 de 07/11/1983,GO;DF,CERRADO,CERRADO,41783.6139427218
7,APA DA BACIA DO RIO SAO BARTOLOMEU,APA,AREA DE PROTECAO AMBIENTAL DA BACIA DO RIO SAO BARTOLOMEU,Gestao transferida ao Ibram,GR3,0000.00.0004,DEC  88.940 de 07/11/1983,DF,CERRADO,CERRADO,82680.8036275357
8,APA DA BACIA DO RIO SAO JOAO/MICO-LEAO-DOURADO,APA,AREA DE PROTECAO AMBIENTAL DA BACIA DO RIO SAO JOAO/MICO-LEAO-DOURADO,ICMBio Mico-Leao-Dourado,GR4,0000.00.0005,DEC S/N de 27/06/2002,RJ,MATA ATLANTICA,MATA ATLANTICA,150374.606758412
9,APA DA BALEIA FRANCA,APA,AREA DE PROTECAO AMBIENTAL DA BALEIA FRANCA,Gestao singular,GR5,0000.00.0006,DEC S/N de 14/09/2000,SC,MATA ATLANTICA,MATA ATLANTICA;SISTEMA COSTEIRO-MARINHO,154867.403495803
10,APA DA BARRA DO RIO MAMANGUAPE,APA,AREA DE PROTECAO AMBIENTAL DA BARRA DO RIO MAMANGUAPE,ICMBio Mamanguape,GR2,0000.00.0007,DEC  924 de 10/09/1993; DEC S;N 7/04/1998,PB,MATA ATLANTICA,SISTEMA COSTEIRO-MARINHO;MATA ATLANTICA,14917.7912047074
11,APA DA CHAPADA DO ARARIPE,APA,AREA DE PROTECAO AMBIENTAL DA CHAPADA DO ARARIPE,Gestao singular,GR2,0000.00.0008,DEC S/N de 04/08/1997,PI;CE;PE,CAATINGA,CAATINGA,972605.181875277
12,APA DA COSTA DOS CORAIS,APA,AREA DE PROTECAO AMBIENTAL DA COSTA DOS CORAIS,ICMBio Costa dos Corais,GR2,0000.00.0009,DEC S/N de 23/10/1997,PE;AL,SISTEMA COSTEIRO-MARINHO,SISTEMA COSTEIRO-MARINHO,405642.397166475
13,APA DA REGIAO SERRANA DE PETROPOLIS,APA,AREA DE PROTECAO AMBIENTAL DA REGIAO SERRANA DE PETROPOLIS,ICMBio Serra Fluminense,GR4,0000.00.0010,DEC  87.561 de 13/09/1982; DEC  527 de 20/05/1992; LEI 14.452 de 21/09/2022; LEI 14.516 de 29/12/2022,RJ,MATA ATLANTICA,MATA ATLANTICA,58691.3157367364
14,APA DA SERRA DA MANTIQUEIRA,APA,AREA DE PROTECAO AMBIENTAL DA SERRA DA MANTIQUEIRA,ICMBio Mantiqueira,GR4,0000.00.0011,DEC  91.304 de 03/06/1985; LEI 9.097 de 19/09/1995,MG;RJ;SP,MATA ATLANTICA,MATA ATLANTICA,437525.100693198
15,APA DAS ILHAS E VARZEAS DO RIO PARANA,APA,AREA DE PROTECAO AMBIENTAL DAS ILHAS E VARZEAS DO RIO PARANA,ICMBio Rio Parana,GR5,0000.00.0025,DEC S/N de 30/09/1997,SP;PR;MS,MATA ATLANTICA,MATA ATLANTICA,1005188.38513746
16,APA DAS NASCENTES DO RIO VERMELHO,APA,AREA DE PROTECAO AMBIENTAL DAS NASCENTES DO RIO VERMELHO,ICMBio Mambai,GR3,0000.00.0028,DEC S/N de 27/09/2001,BA;GO,CERRADO,CERRADO,173968.869204272
17,APA DE CAIRUCU,APA,AREA DE PROTECAO AMBIENTAL DE CAIRUCU,ICMBio Paraty,GR4,0000.00.0013,DEC  89.242 de 27/12/1983,RJ;SP,MATA ATLANTICA,MATA ATLANTICA;SISTEMA COSTEIRO-MARINHO,32610.7779068594
18,APA DE CANANEIA-IGUAPE-PERUIBE,APA,AREA DE PROTECAO AMBIENTAL DE CANANEIA-IGUAPE-PERUIBE,ICMBio Iguape,GR4,0000.00.0014,DEC  90.347 de 23/10/1984; DEC  91.892 de 6/11/1985,SP,MATA ATLANTICA,MATA ATLANTICA;SISTEMA COSTEIRO-MARINHO,202309.580662312
19,APA DE FERNANDO DE NORONHA - ROCAS - SAO PEDRO E SAO PAULO,APA,AREA DE PROTECAO AMBIENTAL DE FERNANDO DE NORONHA - ROCAS - SAO PEDRO E SAO PAULO,ICMBio Noronha,GR2,0000.00.0015,DEC 92.755 de 05/06/1986,PE,SISTEMA COSTEIRO-MARINHO,SISTEMA COSTEIRO-MARINHO,154405.815628625
20,APA DE GUAPI-MIRIM,APA,AREA DE PROTECAO AMBIENTAL DE GUAPI-MIRIM,ICMBio Guanabara,GR4,0000.00.0016,DEC  90.225 de 25/09/1984,RJ,MATA ATLANTICA,MATA ATLANTICA,13890.5382226621
21,APA DE GUARAQUECABA,APA,AREA DE PROTECAO AMBIENTAL DE GUARAQUECABA,ICMBio Antonina-Guaraquecaba,GR5,0000.00.0017,DEC  90.883 de 31/01/1985,SP;PR,MATA ATLANTICA,MATA ATLANTICA,245642.072790916
22,APA DE PIACABUCU,APA,AREA DE PROTECAO AMBIENTAL DE PIACABUCU,Gestao singular,GR2,0000.00.0018,DEC  88.421 de 21/06/1983,AL,MATA ATLANTICA,MATA ATLANTICA,9107.00970851924
23,APA DELTA DO PARNAIBA,APA,AREA DE PROTECAO AMBIENTAL DELTA DO PARNAIBA,Gestao singular,GR2,0000.00.0019,DEC S/N de 28/08/1996,MA;PI;CE,CERRADO,CERRADO CAATINGA;SISTEMA COSTEIRO-MARINHO,309593.770698495
24,APA DO ARQUIPELAGO DE SAO PEDRO E SAO PAULO,APA,AREA DE PROTECAO AMBIENTAL DO ARQUIPELAGO DE SAO PEDRO E SAO PAULO,ICMBio Noronha,GR2,0000.00.3643,DEC 9.313 de 19/03/2018,PB,SISTEMA COSTEIRO-MARINHO,SISTEMA COSTEIRO-MARINHO,38450193.8156
25,APA DO ARQUIPELAGO DE TRINDADE E MARTIM VAZ,APA,AREA DE PROTECAO AMBIENTAL DO ARQUIPELAGO DE TRINDADE E MARTIM VAZ,ICMBio Grandes Unidades Oceanicas,GR2,0000.00.3633,DEC 9.312 de 19/03/2018,BA,SISTEMA COSTEIRO-MARINHO,SISTEMA COSTEIRO-MARINHO,40385419.5828
26,APA DO BOQUEIRAO DA ONCA,APA,AREA DE PROTECAO AMBIENTAL DO BOQUEIRAO DA ONCA,ICMBio Juazeiro,GR2,0000.00.3655,DEC 9.337 de 05/04/2018,BA,CAATINGA,CAATINGA,505694.325504406
27,APA DO IBIRAPUITA,APA,AREA DE PROTECAO AMBIENTAL DO IBIRAPUITA,Gestao singular,GR5,0000.00.0021,DEC  529 de 20/05/1992,RS,PAMPA,PAMPA,316792.015353857
28,APA DO IGARAPE GELADO,APA,AREA DE PROTECAO AMBIENTAL DO IGARAPE GELADO,Gestao singular,GR1,0000.00.0022,DEC  97.718 de 05/05/1989,PA,AMAZONIA,AMAZONIA,23285.0865594345
29,APA DO PLANALTO CENTRAL,APA,AREA DE PROTECAO AMBIENTAL DO PLANALTO CENTRAL,Gestao singular,GR3,0000.00.0023,DEC S/N de 10/01/2002,GO;DF,CERRADO,CERRADO,503423.357674777
30,APA DO TAPAJOS,APA,AREA DE PROTECAO AMBIENTAL DO TAPAJOS,Unidade Especial Avancada - UNA Itaituba,GR1,0000.00.0268,DEC S/N de 13/02/2006; LEI 12.678 de 25/06/2012,PA,AMAZONIA,AMAZONIA,2040336.83788011
31,APA DOS CAMPOS DE MANICORE,APA,AREA DE PROTECAO AMBIENTAL DOS CAMPOS DE MANICORE,ICMBio Humaita,GR1,0000.00.3407,DEC S/N de 11/05/2016,AM,AMAZONIA,AMAZONIA,152410.203190996
32,APA MEANDROS DO RIO ARAGUAIA,APA,AREA DE PROTECAO AMBIENTAL DOS MEANDROS DO RIO ARAGUAIA,ICMBio Meandros do Araguaia,GR3,0000.00.0024,DEC S/N de 02/10/1998,MT;GO,CERRADO,CERRADO,359194.092158573
33,APA MORRO DA PEDREIRA,APA,AREA DE PROTECAO AMBIENTAL MORRO DA PEDREIRA,ICMBio Cipo-Pedreira,GR4,0000.00.0027,DEC  98.891 de 26/01/1990,MG,CERRADO,CERRADO;MATA ATLANTICA,131770.839244673
34,APA SERRA DA IBIAPABA,APA,AREA DE PROTECAO AMBIENTAL SERRA DA IBIAPABA,Gestao singular,GR2,0000.00.0029,DEC S/N de 26/11/1996,PI;CE,CAATINGA,CAATINGA;CERRADO,1628740.51628208
35,APA SERRA DA MERUOCA,APA,AREA DE PROTECAO AMBIENTAL SERRA DA MERUOCA,Gestao singular,GR2,0000.00.1683,LEI 11.891 de 24/12/2008,CE,CAATINGA,CAATINGA,29361.7424260458
36,APA SERRA DA TABATINGA,APA,AREA DE PROTECAO AMBIENTAL SERRA DA TABATINGA,Gestao singular,GR2,0000.00.0012,DEC  99.278 de 06/06/1990; DEC S/N de 16/07/2002,MA;PI,CERRADO,CERRADO,41779.6077445611
37,ARIE BURITI DE VASSUNUNGA,ARIE,AREA DE RELEVANTE INTERESSE ECOLOGICO BURITI DE VASSUNUNGA,Gestao singular,GR4,0000.00.0030,DEC  99.276/1990,SP,MATA ATLANTICA,MATA ATLANTICA,150.97546922965
38,ARIE CAPETINGA - TAQUARA,ARIE,AREA DE RELEVANTE INTERESSE ECOLOGICO CAPETINGA - TAQUARA,Gestao transferida a UnB,GR3,0000.00.0031,DEC  91.303 de 03/06/1985,DF,CERRADO,CERRADO,2057.22603409516
39,ARIE CERRADO PE-DE-GIGANTE,ARIE,AREA DE RELEVANTE INTERESSE ECOLOGICO CERRADO PE-DE-GIGANTE,Gestao singular,GR4,0000.00.0032,DEC  99.275 de 06/06/1990,SP,CERRADO,CERRADO,1199.05347454574
40,ARIE DA MATA DE SANTA GENEBRA,ARIE,AREA DE RELEVANTE INTERESSE ECOLOGICO DA MATA DE SANTA GENEBRA,Gestao singular,GR4,0000.00.0040,DEC  91.885 de 05/11/1985,SP,MATA ATLANTICA,MATA ATLANTICA,241.55362847111
41,ARIE FLORESTA DA CICUTA,ARIE,AREA DE RELEVANTE INTERESSE ECOLOGICO FLORESTA DA CICUTA,ICMBio Rio Paraiba do Sul,GR4,0000.00.0035,DEC  90.792 de 09/01/1985,RJ,MATA ATLANTICA,MATA ATLANTICA,125.14104613726
42,ARIE ILHA DO AMEIXAL,ARIE,AREA DE RELEVANTE INTERESSE ECOLOGICO ILHA DO AMEIXAL,ICMBio Iguape,GR4,0000.00.0036,DEC  91.889 de 05/11/1985,SP,MATA ATLANTICA,MATA ATLANTICA,358.8880427192
43,ARIE ILHAS DA QUEIMADA PEQUENA E QUEIMADA GRANDE,ARIE,AREA DE RELEVANTE INTERESSE ECOLOGICO ILHAS DA QUEIMADA PEQUENA E QUEIMADA GRANDE,ICMBio Iguape,GR4,0000.00.0037,DEC  91.887 de 05/11/1985,SP,SISTEMA COSTEIRO-MARINHO,SISTEMA COSTEIRO-MARINHO,65.17485952815
44,ARIE JAVARI-BURITI,ARIE,AREA DE RELEVANTE INTERESSE ECOLOGICO JAVARI-BURITI,ICMBio Tefe,GR1,0000.00.0038,DEC  91.886 de 05/11/1985,AM,AMAZONIA,AMAZONIA,13177.1193302733
45,ARIE MANGUEZAIS DA FOZ DO RIO MAMANGUAPE,ARIE,AREA DE RELEVANTE INTERESSE ECOLOGICO MANGUEZAIS DA FOZ DO RIO MAMANGUAPE,ICMBio Mamanguape,GR2,0000.00.0039,DEC  91.890 de 05/11/1985,PB,MATA ATLANTICA,MATA ATLANTICA;SISTEMA COSTEIRO-MARINHO,5769.5403030043
46,ARIE MATAO DE COSMOPOLIS,ARIE,AREA DE RELEVANTE INTERESSE ECOLOGICO MATAO DE COSMOPOLIS,Gestao singular,GR4,0000.00.0041,DEC  90.791 de 09/01/1985,SP,MATA ATLANTICA,MATA ATLANTICA,173.0894477412
47,ARIE PROJETO DINAMICA BIOLOGICA DE FRAGMENTOS FLORESTAIS,ARIE,AREA DE RELEVANTE INTERESSE ECOLOGICO PROJETO DINAMICA BIOLOGICA DE FRAGMENTOS FLORESTAIS,Gestao singular,GR1,0000.00.0043,DEC  91.884 de 05/11/1985,AM,AMAZONIA,AMAZONIA,3336.32969700655
48,ARIE SERINGAL NOVA ESPERANCA,ARIE,AREA DE RELEVANTE INTERESSE ECOLOGICO SERINGAL NOVA ESPERANCA,ICMBio Chico Mendes,GR1,0000.00.0044,DEC S/N de 20/08/1999,AC,AMAZONIA,AMAZONIA,2573.98212851365
49,ARIE SERRA DA ABELHA/RIO DA PRATA,ARIE,AREA DE RELEVANTE INTERESSE ECOLOGICO SERRA DA ABELHA,ICMBio Ibirama,GR5,0000.00.0045,DEC S/N de 28/05/1996,SC,MATA ATLANTICA,MATA ATLANTICA,5016.60404678123
50,ESEC ALTO MAUES,ESEC,ESTACAO ECOLOGICA ALTO MAUES,ICMBio Maues,GR1,0000.00.3131,DEC S/N de 16/10/2014,AM,AMAZONIA,AMAZONIA,665673.526737338
51,ESEC DA GUANABARA,ESEC,ESTACAO ECOLOGICA DA GUANABARA,ICMBio Guanabara,GR4,0000.00.0263,DEC S/N de 15/02/2006,RJ,MATA ATLANTICA,MATA ATLANTICA,1936.2474822603
52,ESEC DA MATA PRETA,ESEC,ESTACAO ECOLOGICA DA MATA PRETA,ICMBio Palmas,GR5,0000.00.0261,DEC S/N de 19/10/2005,PR;SC,MATA ATLANTICA,MATA ATLANTICA,6573.48021886372
53,ESEC DA SERRA DAS ARARAS,ESEC,ESTACAO ECOLOGICA DA SERRA DAS ARARAS,Gestao singular,GR3,0000.00.0075,DEC  87.222. de 31/05/1982.,MT,CERRADO,CERRADO,27159.7103623077
54,ESEC DA TERRA DO MEIO,ESEC,ESTACAO ECOLOGICA DA TERRA DO MEIO,ICMBio Terra do Meio,GR1,0000.00.0047,DEC S/N de 17/02/2005,PA,AMAZONIA,AMAZONIA,3373174.6754256
55,ESEC DE AIUABA,ESEC,ESTACAO ECOLOGICA DE AIUABA,Gestao singular,GR2,0000.00.0048,DEC S/N. de 06/02/2001,CE,CAATINGA,CAATINGA,11746.7834661228
56,ESEC DE ARACURI-ESMERALDA,ESEC,ESTACAO ECOLOGICA DE ARACURI-ESMERALDA,Gestao singular,GR5,0000.00.0050,DEC  86.061 de 2/6/1981.,RS,MATA ATLANTICA,MATA ATLANTICA,276.9791756189
57,ESEC DE CARIJOS,ESEC,ESTACAO ECOLOGICA DE CARIJOS,ICMBio Florianopolis,GR5,0000.00.0052,DEC 94.656. de 20/07/1987,SC,MATA ATLANTICA,MATA ATLANTICA,759.33712168767
58,ESEC DE CUNIA,ESEC,ESTACAO ECOLOGICA DE CUNIA,ICMBio Cunia-Jacunda,GR1,0000.00.0053,DEC S/N de 27/09/2001; DEC S/N de 21/12/2007; DEC S/N de 13/03/2008; LEI 12.249 de 11/06/2010,RO;AM,AMAZONIA,AMAZONIA,182601.287703067
59,ESEC DE GUARAQUECABA,ESEC,ESTACAO ECOLOGICA DE GUARAQUECABA,ICMBio Antonina-Guaraquecaba,GR5,0000.00.0054,DEC 87.222. de 31/05/1982; DEC  93.053. de 31/07/1986; LEI 9.513. de 20/11/1997,PR,MATA ATLANTICA,MATA ATLANTICA,4370.14585138591
60,ESEC DE JUTAI-SOLIMOES,ESEC,ESTACAO ECOLOGICA DE JUTAI-SOLIMOES,ICMBio Tefe,GR1,0000.00.0056,DEC  88.541. de 21/7/1983; Portaria 375. de 11/10/2001,AM,AMAZONIA,AMAZONIA,289514.171711224
61,ESEC DE MARACA,ESEC,ESTACAO ECOLOGICA DE MARACA,ICMBio Roraima,GR1,0000.00.0057,DEC  86.061. de 02/06/1981 e Decreto de ampliação de 11.684 de 05 /09/2023,RR,AMAZONIA,AMAZONIA,154221.726774172
62,ESEC DE MARACA-JIPIOCA,ESEC,ESTACAO ECOLOGICA DE MARACA-JIPIOCA,Gestao singular,GR1,0000.00.0058,DEC 86.061 de 02/06/1981,AP,AMAZONIA,AMAZONIA,58756.9503018265
63,ESEC DE MURICI,ESEC,ESTACAO ECOLOGICA DE MURICI,Gestao singular,GR2,0000.00.0059,DEC S/N. de 28/05/2001,AL,MATA ATLANTICA,MATA ATLANTICA,6131.62928796688
64,ESEC DE PIRAPITINGA,ESEC,ESTACAO ECOLOGICA DE PIRAPITINGA,Gestao singular,GR4,0000.00.0061,DEC 94.656. de 20/07/1987,MG,CERRADO,CERRADO,1384.5017566291299
65,ESEC DE TAIAMA,ESEC,ESTACAO ECOLOGICA DE TAIAMA,Gestao singular,GR3,0000.00.0062,DEC  86.061. de 02/06/1981,MT,PANTANAL,PANTANAL,11554.9824145128
66,ESEC DE TAMOIOS,ESEC,ESTACAO ECOLOGICA DE TAMOIOS,ICMBio Paraty,GR4,0000.00.0063,DEC  98.864. de 23/01/1990,RJ,MATA ATLANTICA,MATA ATLANTICA,8660.35333045951
67,ESEC DE URUCUI-UNA,ESEC,ESTACAO ECOLOGICA DE URUCUI-UNA,Gestao singular,GR2,0000.00.0065,DEC  86.061. de 02/06/1981,PI,CERRADO,CERRADO,129196.44369
68,ESEC DO CASTANHAO,ESEC,ESTACAO ECOLOGICA DO CASTANHAO,ICMBio Mossoro,GR2,0000.00.0066,DEC S/N. de 27/09/2001,CE,CAATINGA,CAATINGA,12574.6361241213
69,ESEC DO JARI,ESEC,ESTACAO ECOLOGICA DO JARI,Gestao singular,GR1,0000.00.0067,DEC  87.092. de 12/04/1982; DEC 89.440. de 13/03/1984,PA;AP,AMAZONIA,AMAZONIA,231082.093614046
70,ESEC DO SERIDO,ESEC,ESTACAO ECOLOGICA DO SERIDO,Gestao singular,GR2,0000.00.0069,DEC  87.222. de 31/05/1982,RN,CAATINGA,CAATINGA,1123.61233302188
71,ESEC DO TAIM,ESEC,ESTACAO ECOLOGICA DO TAIM,Gestao singular,GR5,0000.00.0070,DEC 92.963. de 21/07/1986; DEC S/N de 05/06/2003; DEC S/N de 05/06/2017,RS,PAMPA,PAMPA,32806.3137013928
72,ESEC DOS TUPINIQUINS,ESEC,ESTACAO ECOLOGICA DOS TUPINIQUINS,ICMBio Iguape,GR4,0000.00.0071,DEC 92.964. de 21/07/1986,SP,SISTEMA COSTEIRO-MARINHO,SISTEMA COSTEIRO-MARINHO,1727.71418054253
73,ESEC JUAMI-JAPURA,ESEC,ESTACAO ECOLOGICA JUAMI-JAPURA,ICMBio Tefe,GR1,0000.00.0072,DEC 91.307. de 03/06/1985,AM,AMAZONIA,AMAZONIA,831356.052579889
74,ESEC MICO-LEAO-PRETO,ESEC,ESTACAO ECOLOGICA MICO-LEAO-PRETO,Gestao singular,GR4,0000.00.0073,DEC S/N de 16/07/2002; DEC S/N de 14/05/2004,SP,MATA ATLANTICA,MATA ATLANTICA,6680.67407183598
75,ESEC DE NIQUIA,ESEC,ESTACAO ECOLOGICA NIQUIA,ICMBio Roraima,GR1,0000.00.0060,DEC 91.306. de 03/06/1985,RR,AMAZONIA,AMAZONIA,306394.549129356
76,ESEC RASO DA CATARINA,ESEC,ESTACAO ECOLOGICA RASO DA CATARINA,ICMBio Paulo Afonso,GR2,0000.00.0074,DEC 89.268. DE 03/01/1984; Portaria 373 de de 11/10/2001,BA,CAATINGA,CAATINGA,104726.642638961
77,ESEC RIO ACRE,ESEC,ESTACAO ECOLOGICA RIO ACRE,Gestao singular,GR1,0000.00.0068,DEC 86.061. de 02/06/1981,AC,AMAZONIA,AMAZONIA,79395.2178693262
78,ESEC TUPINAMBAS,ESEC,ESTACAO ECOLOGICA TUPINAMBAS,ICMBio Alcatrazes,GR4,0000.00.0064,DEC  94.656. de 20/07/1987,SP,SISTEMA COSTEIRO-MARINHO,SISTEMA COSTEIRO-MARINHO,2463.6150648706
79,ESEC SERRA GERAL DO TOCANTINS,ESEC,ESTACAO ECOLOGICA SERRA GERAL DO TOCANTINS,Gestao singular,GR3,0000.00.0076,DEC S/N. de 27/09/2001,BA;TO,CERRADO,CERRADO,707087.739605994
80,FLONA CONTENDAS DO SINCORA,FLONA,FLORESTA NACIONAL CONTENDAS DO SINCORA,ICMBio Sudoeste Baiano,GR2,0000.00.0081,DEC S/N. de 21/09/1999,BA,CAATINGA,CAATINGA,11215.9307646465
81,FLONA DA MATA GRANDE,FLONA,FLORESTA NACIONAL DA MATA GRANDE,ICMBio Mata Grande - Terra Ronca,GR3,0000.00.0128,DEC S/N. de 13/10/2003,GO,CERRADO,CERRADO,2010.07112900712
82,FLONA DA RESTINGA DE CABEDELO,FLONA,FLORESTA NACIONAL DA RESTINGA DE CABEDELO,ICMBio Cabedelo,GR2,0000.00.0132,DEC S/N. de 02/06/2004,PB,MATA ATLANTICA,MATA ATLANTICA,114.61833940158
83,FLONA DE ACU,FLONA,FLORESTA NACIONAL DE ACU,ICMBio Mossoro,GR2,0000.00.0082,Portaria 245 de 18/07/2001,RN,CAATINGA,CAATINGA,211.37833918861
84,FLONA DE ALTAMIRA,FLONA,FLORESTA NACIONAL DE ALTAMIRA,Unidade Especial Avancada - UNA Itaituba,GR1,0000.00.0083,DEC  2.483. de 2/2/1998,PA,AMAZONIA,AMAZONIA,724973.936311297
85,FLONA DE ANAUA,FLONA,FLORESTA NACIONAL DE ANAUA,ICMBio Roraima,GR1,0000.00.0084,DEC S/N de 18/02/2005,RR,AMAZONIA,AMAZONIA,259402.989396955
86,FLONA DE ASSUNGUI,FLONA,FLORESTA NACIONAL DE ASSUNGUI,ICMBio Curitiba,GR5,0000.00.0077,Portaria 559 de 25/10/1968,PR,MATA ATLANTICA,MATA ATLANTICA,490.81157438938
87,FLONA DE BALATA-TUFARI,FLONA,FLORESTA NACIONAL DE BALATA-TUFARI,ICMBio Porto Velho,GR1,0000.00.0085,DEC S/N de 17/02/2005,AM,AMAZONIA,AMAZONIA,1088710.21000803
88,FLONA DE BRASILIA,FLONA,FLORESTA NACIONAL DE BRASILIA,ICMBio Descoberto-Brasilia,GR3,0000.00.0086,DEC S/N. de 10/06/1999; LEI  14.447. de 09/09/2022,DF,CERRADO,CERRADO,5622.79090231064
89,FLONA DE CACADOR,FLONA,FLORESTA NACIONAL DE CACADOR,Gestao singular,GR5,0000.00.0078,Portaria 560 de 25/10/1968,SC,MATA ATLANTICA,MATA ATLANTICA,706.53994335373
90,FLONA DE CANELA,FLONA,FLORESTA NACIONAL DE CANELA,Gestao singular,GR5,0000.00.0087,Portaria 561 de 25/10/1968,RS,MATA ATLANTICA,MATA ATLANTICA,563.52084188387
91,FLONA DE CAPAO BONITO,FLONA,FLORESTA NACIONAL DE CAPAO BONITO,Gestao singular,GR4,0000.00.0079,Portaria 558 de 25/10/1968,SP,CERRADO,MATA ATLANTICA;CERRADO,4236.79489299071
92,FLONA DE CARAJAS,FLONA,FLORESTA NACIONAL DE CARAJAS,Gestao singular,GR1,0000.00.0088,DEC  2.486. de 02/02/1998,PA,AMAZONIA,AMAZONIA,391263.03775645
93,FLONA DE CAXIUANA,FLONA,FLORESTA NACIONAL DE CAXIUANA,Gestao singular,GR1,0000.00.0089,DEC 236 de 28/11/1961,PA,AMAZONIA,AMAZONIA,317950.656689206
94,FLONA DE CHAPECO,FLONA,FLORESTA NACIONAL DE CHAPECO,Gestao singular,GR5,0000.00.0080,Portaria 560 de 25/10/1968,SC,MATA ATLANTICA,MATA ATLANTICA,1604.36103116453
95,FLONA DE CRISTOPOLIS,FLONA,FLORESTA NACIONAL DE CRISTOPOLIS,Gestao singular,GR2,0000.00.0090,DEC S/N de 18/05/2001,BA,CERRADO,CERRADO,12840.6921155096
96,FLONA DE GOYTACAZES,FLONA,FLORESTA NACIONAL DE GOYTACAZES,Gestao singular,GR4,0000.00.0091,DEC S/N de 05/06/2012,ES,MATA ATLANTICA,MATA ATLANTICA,1425.65276314119
97,FLONA DE HUMAITA,FLONA,FLORESTA NACIONAL DE HUMAITA,ICMBio Porto Velho,GR1,0000.00.0092,DEC  2.485. de 02/02/1998,AM,AMAZONIA,AMAZONIA,476589.499743174
98,FLONA DE IBIRAMA,FLONA,FLORESTA NACIONAL DE IBIRAMA,ICMBio Ibirama,GR5,0000.00.0093,DEC  95.818. de 11/03/1988,SC,MATA ATLANTICA,MATA ATLANTICA,519.34992589114
99,FLONA DE IPANEMA,FLONA,FLORESTA NACIONAL DE IPANEMA,Gestao singular,GR4,0000.00.0094,DEC  530. de 20/05/1992.,SP,MATA ATLANTICA,MATA ATLANTICA,5384.8253857202
100,FLONA DE IRATI,FLONA,FLORESTA NACIONAL DE IRATI,ICMBio Campos Gerais,GR5,0000.00.0125,Portaria 559 de 25/10/1968,PR,MATA ATLANTICA,MATA ATLANTICA,3802.51282846848
101,FLONA DE ITAITUBA I,FLONA,FLORESTA NACIONAL DE ITAITUBA I,Unidade Especial Avancada - UNA Itaituba,GR1,0000.00.0095,DEC  2.481. de 02/02/1998; LEI 12.678. de 25/06/2012,PA,AMAZONIA,AMAZONIA,213104.944321167
102,FLONA DE ITAITUBA II,FLONA,FLORESTA NACIONAL DE ITAITUBA II,Unidade Especial Avancada - UNA Itaituba,GR1,0000.00.0096,DEC  2.482. de 02/02/1998; LEI 12.678. de 25/06/2012,PA,AMAZONIA,AMAZONIA,397760.25819534
103,FLONA DE JACUNDA,FLONA,FLORESTA NACIONAL DE JACUNDA,ICMBio Cunia-Jacunda,GR1,0000.00.0097,DEC S/N de 01/12/2004,RO,AMAZONIA,AMAZONIA,220809.207549053
104,FLONA DE LORENA,FLONA,FLORESTA NACIONAL DE LORENA,ICMBio Mantiqueira,GR4,0000.00.0098,Portaria 246 de 18/07/2001,SP,MATA ATLANTICA,MATA ATLANTICA,281.40898344178
105,FLONA DE MULATA,FLONA,FLORESTA NACIONAL DE MULATA,Gestao singular,GR1,0000.00.0099,DEC S/N de 01/08/2001,PA,AMAZONIA,AMAZONIA,215797.760649851
106,FLONA DE NISIA FLORESTA,FLONA,FLORESTA NACIONAL DE NISIA FLORESTA,Gestao singular,GR2,0000.00.0100,DEC S/N de 27/09/2001,RN,MATA ATLANTICA,MATA ATLANTICA,168.84329186369
107,FLONA DE NEGREIROS,FLONA,FLORESTA NACIONAL DE NEGREIROS,Gestao singular,GR2,0000.00.1605,DEC S/N de 11/10/2007,PE,CAATINGA,CAATINGA,3004.56148579722
108,FLONA DE PACOTUBA,FLONA,FLORESTA NACIONAL DE PACOTUBA,Gestao singular,GR4,0000.00.0101,DEC S/N de 13/12/2002,ES,MATA ATLANTICA,MATA ATLANTICA,449.40962300288
109,FLONA DE PALMARES,FLONA,FLORESTA NACIONAL DE PALMARES,Gestao singular,GR2,0000.00.0102,DEC S/N de 21/02/2005,PI,CERRADO,CERRADO,168.21068197328
110,FLONA DE PARAOPEBA,FLONA,FLORESTA NACIONAL DE PARAOPEBA,Gestao singular,GR4,0000.00.0103,Portaria 248 de 18/07/2001,MG,CERRADO,CERRADO,203.29196887005
111,FLONA DE PASSA QUATRO,FLONA,FLORESTA NACIONAL DE PASSA QUATRO,ICMBio Mantiqueira,GR4,0000.00.0129,Portaria 562 de 25/10/1968,MG,MATA ATLANTICA,MATA ATLANTICA,335.37310669485
112,FLONA DE PASSO FUNDO,FLONA,FLORESTA NACIONAL DE PASSO FUNDO,Gestao singular,GR5,0000.00.0130,Portaria 561 de 25/10/1968,RS,MATA ATLANTICA,MATA ATLANTICA,1333.63137444573
113,FLONA DE PAU-ROSA,FLONA,FLORESTA NACIONAL DE PAU-ROSA,ICMBio Maues,GR1,0000.00.0104,DEC S/N de 07/08/2001.,AM,AMAZONIA,AMAZONIA,988186.718046912
114,FLONA DE PIRAI DO SUL,FLONA,FLORESTA NACIONAL DE PIRAI DO SUL,ICMBio Campos Gerais,GR5,0000.00.0131,DEC S/N de 02/06/2004,PR,MATA ATLANTICA,MATA ATLANTICA,150.61440304016
115,FLONA DE RITAPOLIS,FLONA,FLORESTA NACIONAL DE RITAPOLIS,Gestao singular,GR4,0000.00.0105,DEC S/N de 21/09/1999,MG,MATA ATLANTICA,MATA ATLANTICA,89.19009508869
116,FLONA DE RORAIMA,FLONA,FLORESTA NACIONAL DE RORAIMA,ICMBio Roraima,GR1,0000.00.0106,DEC  97.545. de 01/03/1989; LEI 12.058. de 13/12/2009.,AM;RR,AMAZONIA,AMAZONIA,169628.701656734
117,FLONA DE SAO FRANCISCO,FLONA,FLORESTA NACIONAL DE SAO FRANCISCO,ICMBio Sena Madureira,GR1,0000.00.0108,DEC S/N de 07/08/2001,AC,AMAZONIA,AMAZONIA,21147.8044346541
118,FLONA DE SAO FRANCISCO DE PAULA,FLONA,FLORESTA NACIONAL DE SAO FRANCISCO DE PAULA,Gestao singular,GR5,0000.00.0133,Portaria 561 de 25/10/1968,RS,MATA ATLANTICA,MATA ATLANTICA,1615.60020753184
119,FLONA DE SANTA ROSA DO PURUS,FLONA,FLORESTA NACIONAL DE SANTA ROSA DO PURUS,ICMBio Alto Tarauaca-Santa Rosa do Purus,GR1,0000.00.0107,DEC S/N de 07/08/2001,AC,AMAZONIA,AMAZONIA,231556.880725344
120,FLONA DE SARACA-TAQUERA,FLONA,FLORESTA NACIONAL DE SARACA-TAQUERA,ICMBio Trombetas,GR1,0000.00.0109,DEC  98.704. de 27/12/1989,PA,AMAZONIA,AMAZONIA,441287.986835773
121,FLONA DE SILVANIA,FLONA,FLORESTA NACIONAL DE SILVANIA,Gestao singular,GR3,0000.00.0110,Portaria 247 de 18/07/2001,GO,CERRADO,CERRADO,486.60781347076
122,FLONA DE SOBRAL,FLONA,FLORESTA NACIONAL DE SOBRAL,Gestao singular,GR2,0000.00.0111,Portaria 358. de 27/09/2001,CE,CAATINGA,CAATINGA,661.02336418634
123,FLONA DE TEFE,FLONA,FLORESTA NACIONAL DE TEFE,ICMBio Tefe,GR1,0000.00.0112,DEC  97.629. de 10/04/1989.,AM,AMAZONIA,AMAZONIA,865126.615368193
124,FLONA DE TRES BARRAS,FLONA,FLORESTA NACIONAL DE TRES BARRAS,Gestao singular,GR5,0000.00.0134,Portaria 560 de 25/12/1968,SC,MATA ATLANTICA,MATA ATLANTICA,4385.3595315544
125,FLONA DE URUPADI,FLONA,FLORESTA NACIONAL DE URUPADI,ICMBio Humaita,GR1,0000.00.3408,DEC S/N de 11/05/2016,AM,AMAZONIA,AMAZONIA,538081.090983721
126,FLONA DO AMANA,FLONA,FLORESTA NACIONAL DO AMANA,Gestao singular,GR1,0000.00.0271,DEC S/N de 13/02/2006; DEC S/N de 11/05/2016,PA;AM,AMAZONIA,AMAZONIA,682561.01572022
127,FLONA DO AMAPA,FLONA,FLORESTA NACIONAL DO AMAPA,ICMBio Amapa Central,GR1,0000.00.0113,DEC  97.630. de 10/04/1989.,AP,AMAZONIA,AMAZONIA,460359.143159681
128,FLONA DO AMAZONAS,FLONA,FLORESTA NACIONAL DO AMAZONAS,Gestao singular,GR1,0000.00.0114,DEC  97.546. de 01/03/1989.,AM;RR,AMAZONIA,AMAZONIA,1944230.09479622
129,FLONA DO ARARIPE-APODI,FLONA,FLORESTA NACIONAL DO ARARIPE-APODI,Gestao singular,GR2,0000.00.0115,DEC  LEI  9.226. de 02/05/1946; DEC S/N de 05/06/2012,CE,CAATINGA,CAATINGA,38920.0618621907
130,FLONA DO ARIPUANA,FLONA,FLORESTA NACIONAL DO ARIPUANA,ICMBio Humaita,GR1,0000.00.3409,DEC S/N de 11/05/2016,AM,AMAZONIA,AMAZONIA,751302.173881984
131,FLONA DO BOM FUTURO,FLONA,FLORESTA NACIONAL DO BOM FUTURO,ICMBio Porto Velho,GR1,0000.00.0116,DEC  96.188 de 21/06/1988; LEI  12249 de 11/06/2010,RO,AMAZONIA,AMAZONIA,98340.1037244815
132,FLONA DO CREPORI,FLONA,FLORESTA NACIONAL DO CREPORI,Unidade Especial Avancada - UNA Itaituba,GR1,0000.00.0270,DEC S/N de 13/02/2006; LEI 12.678 de 25/06/2012,PA,AMAZONIA,AMAZONIA,740396.472472838
133,FLONA DO IBURA,FLONA,FLORESTA NACIONAL DO IBURA,Gestao singular,GR2,0000.00.0269,DEC S/N de 19/09/2005.,SE,MATA ATLANTICA,MATA ATLANTICA,144.14217722232
134,FLONA DO IQUIRI,FLONA,FLORESTA NACIONAL DO IQUIRI,Gestao singular,GR1,0000.00.1612,DEC S/N de 08/05/2008,AM,AMAZONIA,AMAZONIA,1470193.31613706
135,FLONA DO ITACAIUNAS,FLONA,FLORESTA NACIONAL DO ITACAIUNAS,Gestao singular,GR1,0000.00.0117,DEC  2.480. de 02/02/1998.,PA,AMAZONIA,AMAZONIA,139814.861240607
136,FLONA DO JAMANXIM,FLONA,FLORESTA NACIONAL DO JAMANXIM,Unidade Especial Avancada - UNA Itaituba,GR1,0000.00.0266,DEC S/N de 13/02/2006,PA,AMAZONIA,AMAZONIA,1301697.46435108
137,FLONA DO JAMARI,FLONA,FLORESTA NACIONAL DO JAMARI,ICMBio Porto Velho,GR1,0000.00.0118,DEC  90.224. de 25/09/1984,RO,AMAZONIA,AMAZONIA,226723.788373
138,FLONA DO JATUARANA,FLONA,FLORESTA NACIONAL DO JATUARANA,ICMBio Humaita,GR1,0000.00.0119,DEC S/N de 19/09/2002,AM,AMAZONIA,AMAZONIA,568315.877163052
139,FLONA DE MACAUA,FLONA,FLORESTA NACIONAL DO MACAUA,ICMBio Sena Madureira,GR1,0000.00.0120,DEC  96.189. de 21/06/1988,AC,AMAZONIA,AMAZONIA,176347.364389662
140,FLONA DO PARIMA,FLONA,FLORESTA NACIONAL DO PARIMA,Gestao singular,GR1,0000.00.4617,DEC 11.685 de 05/09/2023,RR,AMAZONIA,AMAZONIA,109484.619718071
141,FLONA DO PURUS,FLONA,FLORESTA NACIONAL DO PURUS,Gestao singular,GR1,0000.00.0121,DEC  96.190 de 21/06/1988,AM,AMAZONIA,AMAZONIA,256122.972362286
142,FLONA DO RIO PRETO,FLONA,FLORESTA NACIONAL DO RIO PRETO,ICMBio Sao Mateus,GR4,0000.00.0122,DEC  98.845 de 17/01/1990,ES,MATA ATLANTICA,MATA ATLANTICA,2817.40083697857
143,FLONA DO TAPAJOS,FLONA,FLORESTA NACIONAL DO TAPAJOS,Gestao singular,GR1,0000.00.0123,DEC  73.684 de 19/02/1974; LEI  n. 12.678. DE 25/06/2012,PA,AMAZONIA,AMAZONIA,525058.868868961
144,FLONA DO TAPIRAPE - AQUIRI,FLONA,FLORESTA NACIONAL DO TAPIRAPE - AQUIRI,Gestao singular,GR1,0000.00.0124,DEC  97.720 de 05/05/1989,PA,AMAZONIA,AMAZONIA,196506.472015074
145,FLONA DO TRAIRAO,FLONA,FLORESTA NACIONAL DO TRAIRAO,Unidade Especial Avancada - UNA Itaituba,GR1,0000.00.0265,DEC S/N de 13/02/2006,PA,AMAZONIA,AMAZONIA,257529.34451183
146,FLONA MARIO XAVIER,FLONA,FLORESTA NACIONAL MARIO XAVIER,Gestao singular,GR4,0000.00.0127,DEC  93.369 de 08/10/1986,RJ,MATA ATLANTICA,MATA ATLANTICA,495.99047356688
147,FLONA MAPIA - INAUINI,FLONA,FLORESTA NACIONAL MAPIA - INAUINI,Gestao singular,GR1,0000.00.0126,DEC  98.051 de 14/08/1989,AM,AMAZONIA,AMAZONIA,368950.437929512
148,MN DAS ILHAS DE TRINDADE. MARTIM VAZ E DO MONTE COLUMBIA,MN,MONUMENTO NATURAL DAS ILHAS DE TRINDADE. MARTIM VAZ E DO MONTE COLUMBIA,Gestao singular,GR2,0000.00.3642,DEC 9.312 de 19/03/2018,BA,SISTEMA COSTEIRO-MARINHO,SISTEMA COSTEIRO-MARINHO,6769671.75511671
149,MN DO ARQUIPELAGO DAS ILHAS CAGARRAS,MN,MONUMENTO NATURAL DO ARQUIPELAGO DAS ILHAS CAGARRAS,Gestao singular,GR4,0000.00.0034,LEI 12.229 de 13/04/2010,RJ,SISTEMA COSTEIRO-MARINHO,SISTEMA COSTEIRO-MARINHO,91.1982086828
150,MN DO ARQUIPELAGO DE SAO PEDRO E SAO PAULO,MN,MONUMENTO NATURAL DO ARQUIPELAGO DE SAO PEDRO E SAO PAULO,ICMBio Noronha,GR2,0000.00.3644,DEC 9.313 de 19/03/2018,PB,SISTEMA COSTEIRO-MARINHO,SISTEMA COSTEIRO-MARINHO,4726317.83566718
151,MN DO RIO SAO FRANCISCO,MN,MONUMENTO NATURAL DO RIO SAO FRANCISCO,ICMBio Paulo Afonso,GR2,0000.00.1812,DEC S/N. de 05/06/2009,BA;SE;AL,CAATINGA,CAATINGA,26736.7008108022
152,MN DOS PONTOES CAPIXABAS,MN,MONUMENTO NATURAL DOS PONTOES CAPIXABAS,Gestao singular,GR4,0000.00.0181,DEC S/N de 19/12/2002; Lei ordinária  n. 11.686. de 02/06/2008,ES,MATA ATLANTICA,MATA ATLANTICA,17443.6335260451
153,PARNA CAVERNAS DO PERUACU,PARNA,PARQUE NACIONAL CAVERNAS DO PERUACU,ICMBio Peruacu,GR4,0000.00.0135,DEC S/N de 21/09/1999,MG,CERRADO,CAATINGA;CERRADO,56449.0040049718
154,PARNA DA AMAZONIA,PARNA,PARQUE NACIONAL DA AMAZONIA,Unidade Especial Avancada - UNA Itaituba,GR1,0000.00.0136,DEC 73.683. DE 19/02/1974; DEC 90.823. DE 18/01/1985; DEC S/N DE 13/02/2006; LEI 12.678. de 25/07/2012 ,AM;PA,AMAZONIA,AMAZONIA,1066209.71023303
155,PARNA DA CHAPADA DIAMANTINA,PARNA,PARQUE NACIONAL DA CHAPADA DA DIAMANTINA,Gestao singular,GR2,0000.00.0137,DEC 91.655. de 17/09/1985,BA,CAATINGA,CAATINGA,151819.75410622
156,PARNA DA CHAPADA DAS MESAS,PARNA,PARQUE NACIONAL DA CHAPADA DAS MESAS,Gestao singular,GR2,0000.00.0272,DEC DE 12 DE DEZEMBRO DE 2005; DEC de S/N 31/01/2006,MA,CERRADO,CERRADO,159953.780650409
157,PARNA DA CHAPADA DOS GUIMARAES,PARNA,PARQUE NACIONAL DA CHAPADA DOS GUIMARAES,Gestao singular,GR3,0000.00.0138,DEC 97.656. de 12/04/1989,MT,CERRADO,CERRADO,32646.8318643758
158,PARNA DA CHAPADA DOS VEADEIROS,PARNA,PARQUE NACIONAL DA CHAPADA DOS VEADEIROS,Gestao singular,GR3,0000.00.0139,DEC 49.875. de 11/01/1961; DEC 70.492. de 11/05/1972; DEC  n. 86.173. DE 2 DE JULHO DE 1981; DEC 86.596. de 17/11/1981; DEC S/N. de 27/09/2001; DEC S/N de 05/06/2017.,GO,CERRADO,CERRADO,240586.563275077
159,PARNA DA FURNA FEIA,PARNA,PARQUE NACIONAL DA FURNA FEIA,ICMBio Mossoro,GR2,0000.00.2633,DEC S/N. de 05/06/2012,RN,CAATINGA,CAATINGA,8558.70890302297
160,PARNA DA LAGOA DO PEIXE,PARNA,PARQUE NACIONAL DA LAGOA DO PEIXE,Gestao singular,GR5,0000.00.0140,DEC 93.546. de 06/11/1986,RS,PAMPA,PAMPA,36721.9305666561
161,PARNA DA RESTINGA DE JURUBATIBA,PARNA,PARQUE NACIONAL DA RESTINGA DE JURUBATIBA,Gestao singular,GR4,0000.00.0141,DEC S/N. de 29/04/1998,RJ,MATA ATLANTICA,MATA ATLANTICA,14919.4649034476
162,PARNA DA SERRA DA BOCAINA,PARNA,PARQUE NACIONAL DA SERRA DA BOCAINA,ICMBio Paraty,GR4,0000.00.0142,DEC 68.172. de 04/02/1971; DEC 70.694. de 08/06/1972,RJ;SP,MATA ATLANTICA,MATA ATLANTICA,106566.424788217
163,PARNA DA SERRA DA BODOQUENA,PARNA,PARQUE NACIONAL DA SERRA DA BODOQUENA,Gestao singular,GR3,0000.00.0143,DEC S/N. de 21/09/2000,MS,CERRADO,CERRADO,76973.5304348226
164,PARNA DA SERRA DA CANASTRA,PARNA,PARQUE NACIONAL DA SERRA DA CANASTRA,Gestao singular,GR4,0000.00.0144,DEC 70.355. de 03/04/1972,MG,CERRADO,CERRADO,197971.961301244
165,PARNA DA SERRA DA CAPIVARA,PARNA,PARQUE NACIONAL DA SERRA DA CAPIVARA,Gestao singular,GR2,0000.00.0145,DEC 83.548. de 05/06/1979; DEC 99.143. de 12/03/1990,PI,CAATINGA,CAATINGA,100764.193847997
166,PARNA DA SERRA DAS CONFUSOES,PARNA,PARQUE NACIONAL DA SERRA DAS CONFUSOES,Gestao singular,GR2,0000.00.0146,DEC S/N. de 02/10/1998; DEC S/N. de 30/12/2010,PI,CAATINGA,CAATINGA;CERRADO,823854.539000449
167,PARNA DA SERRA DAS LONTRAS,PARNA,PARQUE NACIONAL DA SERRA DAS LONTRAS,Gestao singular,GR2,0000.00.1909,DEC S/N. de 11/06/2010,BA,MATA ATLANTICA,MATA ATLANTICA,11343.8437114463
168,PARNA DA SERRA DO CIPO,PARNA,PARQUE NACIONAL DA SERRA DO CIPO,ICMBio Cipo-Pedreira,GR4,0000.00.0148,DEC 90.223. de 25/09/1984; DEC 94.984. de 30/09/1987,MG,CERRADO,CERRADO;MATA ATLANTICA,31639.5346512176
169,PARNA DA SERRA DO DIVISOR,PARNA,PARQUE NACIONAL DA SERRA DO DIVISOR,ICMBio Cruzeiro do Sul,GR1,0000.00.0149,DEC 97.839. de 16/06/1989,AC,AMAZONIA,AMAZONIA,837559.631069378
170,PARNA DA SERRA DO GANDARELA,PARNA,PARQUE NACIONAL DA SERRA DO GANDARELA,Gestao singular,GR4,0000.00.3136,DEC S/N. de 13/10/2014,MG,MATA ATLANTICA,MATA ATLANTICA,31270.8261040294
171,PARNA DA SERRA DO ITAJAI,PARNA,PARQUE NACIONAL DA SERRA DO ITAJAI,Gestao singular,GR5,0000.00.0150,DEC S/N. de 04/06/2004; DEC S/N. de 20/02/2006,SC,MATA ATLANTICA,MATA ATLANTICA,56918.1092256983
172,PARNA DA SERRA DO PARDO,PARNA,PARQUE NACIONAL DA SERRA DO PARDO,ICMBio Terra do Meio,GR1,0000.00.0151,DEC S/N. de 17/02/2005,PA,AMAZONIA,AMAZONIA,445413.447319614
173,PARNA DA SERRA DO TEIXEIRA,PARNA,PARQUE NACIONAL DA SERRA DO TEIXEIRA,Gestao singular,GR2,0000.00.4581,DEC 11.522 de 05/06/2023,PB,CAATINGA,CAATINGA,61095.7025799668
174,PARNA DA SERRA DOS ORGAOS,PARNA,PARQUE NACIONAL DA SERRA DOS ORGAOS,ICMBio Serra Fluminense,GR4,0000.00.0152,DEC 1.822. de 30/11/1939 ;DEC 90.023. de 02/08/1984 ;DEC S/N. de 13/09/2008; LEI 14452 de 21/09/2022; LEI 14516 de 29/12/2022,RJ,MATA ATLANTICA,MATA ATLANTICA,19850.3065728119
175,PARNA DE SERRA GERAL,PARNA,PARQUE NACIONAL DA SERRA GERAL,Gestao singular,GR5,0000.00.0153,DEC 531. de 20/05/1992,SC;RS,MATA ATLANTICA,MATA ATLANTICA,17302.0081534414
176,PARNA DA TIJUCA,PARNA,PARQUE NACIONAL DA TIJUCA,Gestao singular,GR4,0000.00.0154,DEC 50.923. de 06/07/1961 ;DEC 60.183. de 08/02/1967 ;DEC 70.186. de 23/02/1972 ;DEC S/N. de 03/06/2004,RJ,MATA ATLANTICA,MATA ATLANTICA,3958.51168382284
177,PARNA DAS ARAUCARIAS,PARNA,PARQUE NACIONAL DAS ARAUCARIAS,ICMBio Palmas,GR5,0000.00.0262,DEC S/N. de 19/10/2005,SC,MATA ATLANTICA,MATA ATLANTICA,12809.5883619646
178,PARNA DAS EMAS,PARNA,PARQUE NACIONAL DAS EMAS,Gestao singular,GR3,0000.00.0155,DEC 49.874. de 11/01/1961; DEC 70.375. de 06/04/1972,MS;GO,CERRADO,CERRADO,132787.860274952
179,PARNA DAS NASCENTES DO RIO PARNAIBA,PARNA,PARQUE NACIONAL DAS NASCENTES DO RIO PARNAIBA,Gestao singular,GR2,0000.00.0156,DEC S/N. de 16/07/2002; LEI 13.090. de 12/01/2015,MA;PI;BA,CERRADO,CERRADO,749774.175082093
180,PARNA DAS SEMPRE VIVAS,PARNA,PARQUE NACIONAL DAS SEMPRE-VIVAS,Gestao singular,GR4,0000.00.0157,DEC S/N. de 13/12/2002,MG,CERRADO,CERRADO,124155.899321356
181,PARNA DE ANAVILHANAS,PARNA,PARQUE NACIONAL DE ANAVILHANAS,ICMBio Novo Airao,GR1,0000.00.0049,DEC 86.061. de 02/06/1981;LEI 11.799. de 29/10/2008,AM,AMAZONIA,AMAZONIA,350243.312276162
182,PARNA DE APARADOS DA SERRA,PARNA,PARQUE NACIONAL DE APARADOS DA SERRA,Gestao singular,GR5,0000.00.0158,DEC 47.446. de 17/12/1959;DEC 70.296. de 17/03/1972,SC;RS,MATA ATLANTICA,MATA ATLANTICA,12973.9150695372
183,PARNA DE BOA NOVA,PARNA,PARQUE NACIONAL DE BOA NOVA,ICMBio Sudoeste Baiano,GR2,0000.00.1908,DEC S/N. de 11/06/2010,BA,MATA ATLANTICA,MATA ATLANTICA,12294.6641979655
184,PARNA DE BRASILIA,PARNA,PARQUE NACIONAL DE BRASILIA,ICMBio Brasilia-Contagem,GR3,0000.00.0159,DEC 241. de 29/11/1961; LEI 11.285. de 09/03/2006,DF,CERRADO,CERRADO,42355.5418563825
185,PARNA DE CAPARAO,PARNA,PARQUE NACIONAL DE CAPARAO,Gestao singular,GR4,0000.00.0160,DEC 50.646. de 24/05/1961; DEC S/N. de 20/11/1991; DEC S/N. de 20/11/1997,ES;MG,MATA ATLANTICA,MATA ATLANTICA,31763.2913850562
186,PARNA DE ILHA GRANDE,PARNA,PARQUE NACIONAL DE ILHA GRANDE,ICMBio Rio Parana,GR5,0000.00.0161,DEC S/N. de 30/09/1997,MS;PR,MATA ATLANTICA,MATA ATLANTICA,76138.1861528409
187,PARNA DE ITATIAIA,PARNA,PARQUE NACIONAL DE ITATIAIA,Gestao singular,GR4,0000.00.0184,DEC 1.713. de 14/06/1937; DEC 87.586. de 20/09/1982,MG;RJ,MATA ATLANTICA,MATA ATLANTICA,28086.3496202602
188,PARNA DE JERICOACOARA,PARNA,PARQUE NACIONAL DE JERICOACOARA,Gestao singular,GR2,0000.00.0162,DEC S/N. de 04/02/2002; LEI 11.486. de 15/06/2007,CE,CAATINGA,CAATINGA,8855.46858470713
189,PARNA DE PACAAS NOVOS,PARNA,PARQUE NACIONAL DE PACAAS NOVOS,Gestao singular,GR1,0000.00.0163,DEC 84.019. de 21/09/1979,RO,AMAZONIA,AMAZONIA,706104.463472
190,PARNA DE SAO JOAQUIM,PARNA,PARQUE NACIONAL DE SAO JOAQUIM,Gestao singular,GR5,0000.00.0165,DEC 50.922. de 06/07/1961; LEI 13273. de15/04/2016,SC,MATA ATLANTICA,MATA ATLANTICA,49672.375646327
191,PARNA DE SAINT-HILAIRE/LANGE,PARNA,PARQUE NACIONAL DE SAINT-HILAIRE/LANGE,ICMBio Matinhos,GR5,0000.00.0164,LO 10.227. de 23/05/2001,PR,MATA ATLANTICA,MATA ATLANTICA,24352.4261917652
192,PARNA DE SETE CIDADES,PARNA,PARQUE NACIONAL DE SETE CIDADES,Gestao singular,GR2,0000.00.0166,DEC 50.744. de 05/06/1961,PI,CAATINGA,CAATINGA,6303.73683393559
193,PARNA DE UBAJARA,PARNA,PARQUE NACIONAL DE UBAJARA,Gestao singular,GR2,0000.00.0167,DEC 45.954. de 30/04/1959; DEC 72.144. de 26/04/1973; DEC S/N. de 13/12/2002,CE,CAATINGA,CAATINGA,6304.44278656987
194,PARNA DO ACARI,PARNA,PARQUE NACIONAL DO ACARI,ICMBio Humaita,GR1,0000.00.3410,DEC S/N de 11/05/2016,AM,AMAZONIA,AMAZONIA,896410.954126255
195,PARNA DO ALTO CARIRI,PARNA,PARQUE NACIONAL DO ALTO CARIRI,Gestao singular,GR2,0000.00.1910,DEC S/N. de 11/06/2010,BA,MATA ATLANTICA,MATA ATLANTICA,19238.2620919235
196,PARNA DO ARAGUAIA,PARNA,PARQUE NACIONAL DO ARAGUAIA,Gestao singular,GR3,0000.00.0168,DEC 47.570. de 31/12/1959; DEC 84.844. de 24/06/1980,TO,CERRADO,CERRADO,555524.438295719
197,PARNA DO BOQUEIRAO DA ONCA,PARNA,PARQUE NACIONAL DO BOQUEIRAO DA ONCA,ICMBio Juazeiro,GR2,0000.00.3652,DEC 9.336 de 05/04/2018,BA,CAATINGA,CAATINGA,346908.103054534
198,PARNA DO CABO ORANGE,PARNA,PARQUE NACIONAL DO CABO ORANGE,Gestao singular,GR1,0000.00.0169,DEC 84.913. de 15/07/1980,AP,AMAZONIA,AMAZONIA,657327.774408373
199,PARNA DO CATIMBAU,PARNA,PARQUE NACIONAL DO CATIMBAU,Gestao singular,GR2,0000.00.0170,DEC S/N. de 13/12/2002,PE,CAATINGA,CAATINGA,62239.590728
200,PARNA DO DESCOBRIMENTO,PARNA,PARQUE NACIONAL DO DESCOBRIMENTO,Gestao singular,GR2,0000.00.0171,DEC S/N. de 05/06/2012,BA,MATA ATLANTICA,MATA ATLANTICA,22607.837289
201,PARNA DO IGUACU,PARNA,PARQUE NACIONAL DO IGUACU,Gestao singular,GR5,0000.00.0172,DEC  1.035. de 10/01/1939; DEC 86.676. de 01/12/1981,PR,MATA ATLANTICA,MATA ATLANTICA,169697.05516939
202,PARNA DO JAU,PARNA,PARQUE NACIONAL DO JAU,ICMBio Novo Airao,GR1,0000.00.0173,DEC 85.200 de 24/09/1980,AM;RR,AMAZONIA,AMAZONIA,2367357.46883145
203,PARNA DO JAMANXIM,PARNA,PARQUE NACIONAL DO JAMANXIM,Unidade Especial Avancada - UNA Itaituba,GR1,0000.00.0267,DEC S/N de 13/02/2006; LEI 13.452 de 19/06/2017,PA,AMAZONIA,AMAZONIA,862895.272902047
204,PARNA DO JURUENA,PARNA,PARQUE NACIONAL DO JURUENA,Gestao singular,GR3,0000.00.0281,DEC S/N de 05/06/2006,AM;MT,AMAZONIA,AMAZONIA,1958014.41698122
205,PARNA DO MONTE RORAIMA,PARNA,PARQUE NACIONAL DO MONTE RORAIMA,ICMBio Roraima,GR1,0000.00.0174,DEC 97.887. de 28/06/1989,RR,AMAZONIA,AMAZONIA,116749.240340844
206,PARNA DO PANTANAL MATOGROSSENSE,PARNA,PARQUE NACIONAL DO PANTANAL MATO-GROSSENSE,Gestao singular,GR3,0000.00.0175,DEC 86.392. de 24/09/1981,MS;MT,PANTANAL,PANTANAL,135922.646174298
207,PARNA DO PAU BRASIL,PARNA,PARQUE NACIONAL DO PAU BRASIL,Gestao singular,GR2,0000.00.0176,DEC S/N. de 11/06/2010,BA,MATA ATLANTICA,MATA ATLANTICA,18934.5455524978
208,PARNA DO PICO DA NEBLINA,PARNA,PARQUE NACIONAL DO PICO DA NEBLINA,Gestao singular,GR1,0000.00.0177,DEC 83.550. de 05/06/1979,AM,AMAZONIA,AMAZONIA,2252638.58771388
209,PARNA DO RIO NOVO,PARNA,PARQUE NACIONAL DO RIO NOVO,Unidade Especial Avancada - UNA Itaituba,GR1,0000.00.0264,DEC S/N. de 13/02/2006,PA,AMAZONIA,AMAZONIA,538157.14657558
210,PARNA DO SUPERAGUI,PARNA,PARQUE NACIONAL DO SUPERAGUI,ICMBio Antonina-Guaraquecaba,GR5,0000.00.0178,DEC 97.688 de 25/04/1989; DEC 9.513 de 20/11/1997,SP;PR,MATA ATLANTICA,MATA ATLANTICA,33860.6378332606
211,PARNA DO VIRUA,PARNA,PARQUE NACIONAL DO VIRUA,ICMBio Roraima,GR1,0000.00.0179,DEC S/N. de 29/04/1998 e Decreto n┬░ 11.683 de 05/09/2023,RR,AMAZONIA,AMAZONIA,280983.195591369
212,PARNA DOS CAMPOS AMAZONICOS,PARNA,PARQUE NACIONAL DOS CAMPOS AMAZONICOS,ICMBio Humaita,GR1,0000.00.0284,DEC S/N. de 21/06/2006; MP 542. de 12/08/2011; LEI 12.678. de 25/06/2012,RO;MT;AM,AMAZONIA,AMAZONIA,961326.648950205
213,PARNA DOS CAMPOS FERRIGINOSOS,PARNA,PARQUE NACIONAL DOS CAMPOS FERRUGINOSOS,Gestao singular,GR1,0000.00.3519,DEC S/N de 05/06/2017,PA,AMAZONIA,AMAZONIA,78869.9047623342
214,PARNA DOS CAMPOS GERAIS,PARNA,PARQUE NACIONAL DOS CAMPOS GERAIS,ICMBio Campos Gerais,GR5,0000.00.0277,DEC S/N de 23/03/2006,PR,MATA ATLANTICA,MATA ATLANTICA,21299.0759665352
215,PARNA DOS LENCOIS MARANHENSES,PARNA,PARQUE NACIONAL DOS LENCOIS MARANHENSES,Gestao singular,GR2,0000.00.0180,DEC 86.060. de 02/06/1981,MA,CERRADO,CERRADO;SISTEMA COSTEIRO-MARINHO,157174.125221602
216,PARNA E HISTORICO DO MONTE PASCOAL,PARNA,PARQUE NACIONAL E HISTORICO DO MONTE PASCOAL,Gestao singular,GR2,0000.00.0182,DEC  242 de 29/11/1961; DEC 3.421. de 20/04/2000,BA,MATA ATLANTICA,MATA ATLANTICA,22239.8443803133
217,PARNA GRANDE SERTAO VEREDAS,PARNA,PARQUE NACIONAL GRANDE SERTAO VEREDAS,Gestao singular,GR4,0000.00.0183,DEC 97.658. de 12/04/1989; DEC S/N. de 21/05/2004,BA;MG,CERRADO,CERRADO,230856.142980974
218,PARNA GUARICANA,PARNA,PARQUE NACIONAL GUARICANA,ICMBio Curitiba,GR5,0000.00.3137,DEC S/N. de 13/10/2014,PR,MATA ATLANTICA,MATA ATLANTICA,49286.87444442
219,PARNA MAPINGUARI,PARNA,PARQUE NACIONAL MAPINGUARI,ICMBio Porto Velho,GR1,0000.00.1633,DEC S/N de 05/06/2008; LEI 12.249. de 11/06/2010; LEI 12.678. de 25/06/2012,AM;RO,AMAZONIA,AMAZONIA,1776932.04468265
220,PARNA MARINHO DAS ILHAS DOS CURRAIS,PARNA,PARQUE NACIONAL MARINHO DAS ILHAS DOS CURRAIS,ICMBio Matinhos,GR5,0000.00.2874,LEI 12.829. de 20/06/2013,PR,SISTEMA COSTEIRO-MARINHO,SISTEMA COSTEIRO-MARINHO,1359.70097744795
221,PARNA MARINHO DE FERNANDO DE NORONHA,PARNA,PARQUE NACIONAL MARINHO DE FERNANDO DE NORONHA,ICMBio Noronha,GR2,0000.00.0186,DEC 96.693. de 14/09/1988,PE,SISTEMA COSTEIRO-MARINHO,SISTEMA COSTEIRO-MARINHO,10932.5672104602
222,PARNA MARINHO DOS ABROLHOS,PARNA,PARQUE NACIONAL MARINHO DOS ABROLHOS,Gestao singular,GR2,0000.00.0185,DEC 88.218. de 06/04/1983,BA,SISTEMA COSTEIRO-MARINHO,SISTEMA COSTEIRO-MARINHO,87943.1394997585
223,PARNA MONTANHAS DO TUMUCUMAQUE,PARNA,PARQUE NACIONAL MONTANHAS DO TUMUCUMAQUE,ICMBio Amapa Central,GR1,0000.00.0187,DEC S/N. de 22/08/2002,AP,AMAZONIA,AMAZONIA,3865172.48222874
224,PARNA NASCENTES DO LAGO JARI,PARNA,PARQUE NACIONAL NASCENTES DO LAGO JARI,ICMBio Porto Velho,GR1,0000.00.1626,DEC S/N. de 08/05/2008,AM,AMAZONIA,AMAZONIA,808607.838883547
225,PARNA SERRA DA CUTIA,PARNA,PARQUE NACIONAL SERRA DA CUTIA,ICMBio Guajara-Mirim,GR1,0000.00.0188,DEC S/N. de 01/08/2001,RO,AMAZONIA,AMAZONIA,283503.495276468
226,PARNA SERRA DA MOCIDADE,PARNA,PARQUE NACIONAL SERRA DA MOCIDADE,ICMBio Roraima,GR1,0000.00.0189,DEC S/N. de 29/04/1998,AM;RR,AMAZONIA,AMAZONIA,359943.614696186
227,PARNA SERRA DE ITABAIANA,PARNA,PARQUE NACIONAL SERRA DE ITABAIANA,ICMBio Itabaiana-Ibura,GR2,0000.00.0147,DEC S/N. de 15/06/2005,SE,MATA ATLANTICA,MATA ATLANTICA,8024.79426534783
228,REVIS DA ARARINHA AZUL,REVIS,REFUGIO DE VIDA SILVESTRE DA ARARINHA AZUL,ICMBio Juazeiro,GR2,0000.00.3694,DEC 9.402 de 05/06/2018,BA,CAATINGA,CAATINGA,29234.734603269
229,REVIS DAS VEREDAS DO OESTE BAIANO,REVIS,REFUGIO DE VIDA SILVESTRE DAS VEREDAS DO OESTE BAIANO,ICMBio Mambai,GR3,0000.00.0219,DEC S/N de 13/12/2002; DEC S/N de 11/06/2010,BA,CERRADO,CERRADO,142.38819909512
230,REVIS DO ARQUIPELAGO DE ALCATRAZES,REVIS,REFUGIO DE VIDA SILVESTRE DO ARQUIPELAGO DE ALCATRAZES,ICMBio Alcatrazes,GR4,0000.00.3432,DEC S/N de 02/08/2016,SP,SISTEMA COSTEIRO-MARINHO,SISTEMA COSTEIRO-MARINHO,128050.552597026
231,REVIS DOS CAMPOS DE PALMAS,REVIS,REFUGIO DE VIDA SILVESTRE DOS CAMPOS DE PALMAS,ICMBio Palmas,GR5,0000.00.0278,DEC S/N de 03/04/2006,PR;SC,MATA ATLANTICA,MATA ATLANTICA,14833.5472903585
232,REVIS DA ILHA DOS LOBOS,REVIS,REFUGIO DE VIDA SILVESTRE DA ILHA DOS LOBOS,Gestao singular,GR5,0000.00.0190,DEC 88.463. DE 04/07/1983; DEC S/N de 13/02/2006,RS,SISTEMA COSTEIRO-MARINHO,SISTEMA COSTEIRO-MARINHO,17749.9982970161
233,REVIS DE BOA NOVA,REVIS,REFUGIO DE VIDA SILVESTRE DE BOA NOVA,ICMBio Sudoeste Baiano,GR2,0000.00.1907,DEC S/N. de 11/06/2010,BA,MATA ATLANTICA,MATA ATLANTICA,23262.0858243172
234,REVIS DE SANTA CRUZ,REVIS,REFUGIO DE VIDA SILVESTRE DE SANTA CRUZ,Gestao singular,GR4,0000.00.1911,DEC S/N de 17/06/2010,ES,SISTEMA COSTEIRO-MARINHO,SISTEMA COSTEIRO-MARINHO,67479.2905005773
235,REVIS DE UNA,REVIS,REFUGIO DE VIDA SILVESTRE DE UNA,Gestao singular,GR2,0000.00.1880,DEC S/N de 21/12/2007,BA,MATA ATLANTICA,MATA ATLANTICA,898.67840109647
236,REVIS DO RIO DOS FRADES,REVIS,REFUGIO DE VIDA SILVESTRE DO RIO DOS FRADES,Gestao singular,GR2,0000.00.1813,DEC S/N de 21/12/2007,BA,MATA ATLANTICA,MATA ATLANTICA,16594.2869698293
237,REBIO  AUGUSTO RUSCHI,REBIO,RESERVA BIOLOGICA  AUGUSTO RUSCHI,Gestao singular,GR4,0000.00.0191,DEC 87.589 de 20/09/1982; DEC 92.753 de 05/06/1986,ES,MATA ATLANTICA,MATA ATLANTICA,3540.320142
238,REBIO BOM JESUS,REBIO,RESERVA BIOLOGICA BOM JESUS,ICMBio Antonina-Guaraquecaba,GR5,0000.00.2634,DEC S/N de 05/06/2012,PR,MATA ATLANTICA,MATA ATLANTICA,34179.0261270935
239,REBIO DA CONTAGEM,REBIO,RESERVA BIOLOGICA DA CONTAGEM,ICMBio Brasilia-Contagem,GR3,0000.00.0192,DEC S/N de 13/12/2002,DF,CERRADO,CERRADO,3411.71689434248
240,REBIO DA MATA ESCURA,REBIO,RESERVA BIOLOGICA DA MATA ESCURA,Gestao singular,GR4,0000.00.0193,DEC S/N de 05/06/2003,MG,MATA ATLANTICA,MATA ATLANTICA,50892.3879726743
241,REBIO DAS ARAUCARIAS,REBIO,RESERVA BIOLOGICA DAS ARAUCARIAS,ICMBio Campos Gerais,GR5,0000.00.0276,DEC S/N de 23/03/2006,PR,MATA ATLANTICA,MATA ATLANTICA,14930.4928392807
242,REBIO DAS PEROBAS,REBIO,RESERVA BIOLOGICA DAS PEROBAS,Gestao singular,GR5,0000.00.0275,DEC S/N de 20/03/2006,PR,MATA ATLANTICA,MATA ATLANTICA,8716.19222132494
243,REBIO DE COMBOIOS,REBIO,RESERVA BIOLOGICA DE COMBOIOS,Gestao singular,GR4,0000.00.0195,DEC  90.222 de 25/09/1984,ES,MATA ATLANTICA,SISTEMA COSTEIRO-MARINHO;MATA ATLANTICA,784.64167735622
244,REBIO DE POCO DAS ANTAS,REBIO,RESERVA BIOLOGICA DE POCO DAS ANTAS,ICMBio Mico-Leao-Dourado,GR4,0000.00.0215,DEC  73.791 de 11/03/1974; DEC  76.534 de 13/11/1975,RJ,MATA ATLANTICA,MATA ATLANTICA,5052.53351585994
245,REBIO DE SALTINHO,REBIO,RESERVA BIOLOGICA DE SALTINHO,ICMBio Costa dos Corais,GR2,0000.00.0198,DEC  88.744 de 21/09/1983,PE,MATA ATLANTICA,MATA ATLANTICA,562.57688825896
246,REBIO DE SANTA ISABEL,REBIO,RESERVA BIOLOGICA DE SANTA ISABEL,Gestao singular,GR2,0000.00.0199,DEC  96.999 de 20/10/1988,SE,MATA ATLANTICA,MATA ATLANTICA;SISTEMA COSTEIRO-MARINHO,4109.88365883201
247,REBIO DE SERRA NEGRA,REBIO,RESERVA BIOLOGICA DE SERRA NEGRA,Gestao singular,GR2,0000.00.0200,DEC  87.591 de 20/08/1982,PE,CAATINGA,CAATINGA,624.85834310982
248,REBIO DE SOORETAMA,REBIO,RESERVA BIOLOGICA DE SOORETAMA,Gestao singular,GR4,0000.00.0201,DEC  87.588 de 20/09/1982,ES,MATA ATLANTICA,MATA ATLANTICA,27859.0127100645
249,REBIO DE UNA,REBIO,RESERVA BIOLOGICA DE UNA,Gestao singular,GR2,0000.00.0202,DEC  85.463 de 10/12/1980,BA,MATA ATLANTICA,MATA ATLANTICA,18725.062838974
250,REBIO DO ABUFARI,REBIO,RESERVA BIOLOGICA DO ABUFARI,Gestao singular,GR1,0000.00.0194,DEC  87.585 de 20/09/1982,AM,AMAZONIA,AMAZONIA,224748.68750244
251,REBIO DO ATOL DAS ROCAS,REBIO,RESERVA BIOLOGICA DO ATOL DAS ROCAS,Gestao singular,GR2,0000.00.0203,DEC  83.549 de 05/06/1979,PE,SISTEMA COSTEIRO-MARINHO,SISTEMA COSTEIRO-MARINHO,35187.0141878152
252,REBIO DO CORREGO DO VEADO,REBIO,RESERVA BIOLOGICA DO CORREGO DO VEADO,ICMBio Sao Mateus,GR4,0000.00.0204,DEC  87.590 de 20/09/1982; DEC 89.569 de 23/04/1984,ES,MATA ATLANTICA,MATA ATLANTICA,2375.76298441171
253,REBIO DO CORREGO GRANDE,REBIO,RESERVA BIOLOGICA DO CORREGO GRANDE,ICMBio Sao Mateus,GR4,0000.00.0205,DEC  97.657 de 12/04/1989,ES,MATA ATLANTICA,MATA ATLANTICA,1503.75188829654
254,REBIO DO GUAPORE,REBIO,RESERVA BIOLOGICA DO GUAPORE,ICMBio Cautario-Guapore,GR1,0000.00.0206,DEC  87.587 de 20/09/1982,RO,AMAZONIA,AMAZONIA,615776.329345501
255,REBIO DO GURUPI,REBIO,RESERVA BIOLOGICA DO GURUPI,Gestao singular,GR1,0000.00.0207,DEC 95.614 de 12/01/1988,MA,AMAZONIA,AMAZONIA,271477.699887687
256,REBIO DO JARU,REBIO,RESERVA BIOLOGICA DO JARU,Gestao singular,GR1,0000.00.0208,DEC  83.716 de 11/07/1979; DEC S/N de 02/05/2006,RO,AMAZONIA,AMAZONIA,346864.198151306
257,REBIO DO LAGO PIRATUBA,REBIO,RESERVA BIOLOGICA DO LAGO PIRATUBA,Gestao singular,GR1,0000.00.0209,DEC  84.914 de 16/07/1980; DEC  89.932 de 10/07/1984,AP,AMAZONIA,AMAZONIA,392474.848863916
258,REBIO DO MANICORE,REBIO,RESERVA BIOLOGICA DO MANICORE,ICMBio Humaita,GR1,0000.00.3411,DEC S/N de 11/05/2016,AM,AMAZONIA,AMAZONIA,359137.545512787
259,REBIO DO RIO TROMBETAS,REBIO,RESERVA BIOLOGICA DO RIO TROMBETAS,ICMBio Trombetas,GR1,0000.00.0210,DEC  84018 de 21/09/1979,PA,AMAZONIA,AMAZONIA,407759.212950758
260,REBIO DO TAPIRAPE,REBIO,RESERVA BIOLOGICA DO TAPIRAPE,Gestao singular,GR1,0000.00.0211,DEC  97.719 de 05/05/1989,PA,AMAZONIA,AMAZONIA,99273.0353052594
261,REBIO DO TINGUA,REBIO,RESERVA BIOLOGICA DO TINGUA,ICMBio Serra Fluminense,GR4,0000.00.0212,DEC  97.780 de 23/05/1989,RJ,MATA ATLANTICA,MATA ATLANTICA,24812.9023566884
262,REBIO DO UATUMA,REBIO,RESERVA BIOLOGICA DO UATUMA,Gestao singular,GR1,0000.00.0213,DEC  99.277 de 06/06/1990; DEC S/N de 19/09/2002,AM,AMAZONIA,AMAZONIA,938731.621537658
263,REBIO GUARIBAS,REBIO,RESERVA BIOLOGICA GUARIBAS,ICMBio Mamanguape,GR2,0000.00.0196,DEC  98.884 de 25/01/1990,PB,MATA ATLANTICA,MATA ATLANTICA,4051.69033039043
264,REBIO MARINHA DO ARVOREDO,REBIO,RESERVA BIOLOGICA MARINHA DO ARVOREDO,ICMBio Florianopolis,GR5,0000.00.0214,DEC  99.142 de 12/03/1990,SC,SISTEMA COSTEIRO-MARINHO,SISTEMA COSTEIRO-MARINHO;MATA ATLANTICA,17104.5996795575
265,REBIO DAS NASCENTES DA SERRA DO CACHIMBO,REBIO,RESERVA BIOLOGICA NASCENTES DA SERRA DO CACHIMBO,Unidade Especial Avancada - UNA Itaituba,GR1,0000.00.0216,DEC S/N de 20/05/2005,PA,AMAZONIA,AMAZONIA,342195.772904465
266,REBIO UNIAO,REBIO,RESERVA BIOLOGICA UNIAO,ICMBio Mico-Leao-Dourado,GR4,0000.00.0217,DEC S/N de 22/04/1998;  DEC S/N de 05/06/2017,RJ,MATA ATLANTICA,MATA ATLANTICA,7756.75871916781
267,REBIO DE PEDRA TALHADA,REBIO,RESERVA BIOLOGICA DE PEDRA TALHADA,Gestao singular,GR2,0000.00.0197,DEC  98.524 de 13/12/1989,PE;AL,MATA ATLANTICA,MATA ATLANTICA,4382.37232471999
268,RDS DE  ITATUPA-BAQUIA,RDS,RESERVA DE DESENVOLVIMENTO DE SUSTENTAVEL DE  ITATUPA-BAQUIA,Gestao singular,GR1,0000.00.0218,DEC S/N de 14/06/2005,PA,AMAZONIA,AMAZONIA,64442.1783651946
269,RDS NASCENTES GERAIZEIRAS,RDS,RESERVA DE DESENVOLVIMENTO SUSTENTAVEL NASCENTES GERAIZEIRAS,Gestao singular,GR4,0000.00.3135,DEC S/N de 13/10/2014,MG,CERRADO,MATA ATLANTICA;CERRADO,38177.2667933352
270,RESEX ACAU GOIANA,RESEX,RESERVA EXTRATIVISTA ACAU-GOIANA,ICMBio Cabedelo,GR2,0000.00.1563,DEC S/N. de 26/09/2007,PB;PE,MATA ATLANTICA,MATA ATLANTICA,6676.79398141545
271,RESEX ARAPIRANGA-TROMAI,RESEX,RESERVA EXTRATIVISTA ARAPIRANGA-TROMAI,ICMBio Sao Luis,GR1,0000.00.3654,DEC 9.339 de 05/04/2018,MA,SISTEMA COSTEIRO-MARINHO,SISTEMA COSTEIRO-MARINHO,186909.141790561
272,RESEX ARAPIXI,RESEX,RESERVA EXTRATIVISTA ARAPIXI,Gestao singular,GR1,0000.00.0285,DEC S/N. de 21/06/2006,AM,AMAZONIA,AMAZONIA,133711.506538827
273,RESEX ARIOCA PRUANA,RESEX,RESERVA EXTRATIVISTA ARIOCA PRUANA,ICMBio Breves,GR1,0000.00.0273,DEC S/N. de  16/11/2005,PA,AMAZONIA,AMAZONIA,83816.716063916
274,RESEX AUATI-PARANA,RESEX,RESERVA EXTRATIVISTA AUATI-PARANA,ICMBio Tefe,GR1,0000.00.0220,DEC S/N. de 07/08/2001,AM,AMAZONIA,AMAZONIA,146949.375679346
275,RESEX BAIXO RIO BRANCO-JAUAPERI,RESEX,RESERVA EXTRATIVISTA BAIXO RIO BRANCO-JAUAPERI,ICMBio Novo Airao,GR1,0000.00.3693,DEC 9.401 de 05/06/2018,AM;RR,AMAZONIA,AMAZONIA,580630.920552056
276,RESEX BARREIRO DAS ANTAS,RESEX,RESERVA EXTRATIVISTA BARREIRO DAS ANTAS,ICMBio Mico-Leao-Dourado,GR1,0000.00.0221,DEC S/N. de 07/08/2001,RO,AMAZONIA,AMAZONIA,106198.522168781
277,RESEX CHAPADA LIMPA,RESEX,RESERVA EXTRATIVISTA CHAPADA LIMPA,Gestao singular,GR2,0000.00.1564,DEC S/N. de 26/09/2007,MA,CERRADO,CERRADO,11973.231283894
278,RESEX CHICO MENDES,RESEX,RESERVA EXTRATIVISTA CHICO MENDES,ICMBio Chico Mendes,GR1,0000.00.0222,DEC 99.144. de 12/03/1990,AC,AMAZONIA,AMAZONIA,931542.942204658
279,RESEX CHOCOARE-MATO GROSSO,RESEX,RESERVA EXTRATIVISTA CHOCOARE-MATO GROSSO,ICMBio Salgado Paraense,GR1,0000.00.0223,DEC S/N. de 16/12/2002. DEC 11.551 de 05/06/2023,PA,AMAZONIA,AMAZONIA,4617.86144095128
280,RESEX DA BAIA DO TUBARAO,RESEX,RESERVA EXTRATIVISTA DA BAIA DO TUBARAO,ICMBio Sao Luis,GR1,0000.00.3653,DEC 9.340 de 05/04/2018,MA,SISTEMA COSTEIRO-MARINHO,SISTEMA COSTEIRO-MARINHO AMAZONIA;CERRADO,223888.975558288
281,RESEX DE CANAVIEIRAS,RESEX,RESERVA EXTRATIVISTA DE CANAVIEIRAS,Gestao singular,GR2,0000.00.0253,DEC S/N. de  05/06/2006,BA,MATA ATLANTICA,MATA ATLANTICA,100688.407857605
282,RESEX DE CASSURUBA,RESEX,RESERVA EXTRATIVISTA DE CASSURUBA,Gestao singular,GR2,0000.00.1808,DEC S/N de  05/06/2009,BA,MATA ATLANTICA,MATA ATLANTICA,100578.378100896
283,RESEX DE CURURUPU,RESEX,RESERVA EXTRATIVISTA DE CURURUPU,ICMBio Sao Luis,GR1,0000.00.0279,DEC S/N. de 02/06/2004,MA,AMAZONIA,AMAZONIA,186056.730050141
284,RESEX DE RECANTO DAS ARARAS DE TERRA RONCA,RESEX,RESERVA EXTRATIVISTA DE RECANTO DAS ARARAS DE TERRA RONCA,ICMBio Mata Grande - Terra Ronca,GR3,0000.00.0286,DEC S/N. de 11/09/2006,GO,CERRADO,CERRADO,12349.329800902
285,RESEX DE SAO JOAO DA PONTA,RESEX,RESERVA EXTRATIVISTA DE SAO JOAO DA PONTA,ICMBio Salgado Paraense,GR1,0000.00.0228,DEC S/N. de 13/12/2002,PA,AMAZONIA,AMAZONIA,3409.49367205235
286,RESEX DO ALTO JURUA,RESEX,RESERVA EXTRATIVISTA DO ALTO JURUA,ICMBio Cruzeiro do Sul,GR1,0000.00.1517,DEC 98.863. de 23/01/1990,AC,AMAZONIA,AMAZONIA,537949.359192377
287,RESEX DO ALTO TARAUACA,RESEX,RESERVA EXTRATIVISTA DO ALTO TARAUACA,ICMBio Alto Tarauaca-Santa Rosa do Purus,GR1,0000.00.0274,DEC S/N. de 8/11/2000,AC,AMAZONIA,AMAZONIA,154133.845605478
288,RESEX DO BAIXO JURUA,RESEX,RESERVA EXTRATIVISTA DO BAIXO JURUA,ICMBio Tefe,GR1,0000.00.0230,DEC S/N. de 01/08/2001,AM,AMAZONIA,AMAZONIA,178038.921587008
289,RESEX DO BATOQUE,RESEX,RESERVA EXTRATIVISTA DO BATOQUE,ICMBio Batoque-Prainha,GR2,0000.00.0231,DEC S/N. de 05/06/2003,CE,CAATINGA,CAATINGA,601.4468439626
290,RESEX DO CAZUMBA-IRACEMA,RESEX,RESERVA EXTRATIVISTA DO CAZUMBA-IRACEMA,ICMBio Sena Madureira,GR1,0000.00.0232,DEC S/N. de 19/10/2002,AC,AMAZONIA,AMAZONIA,756463.992217965
291,RESEX DO CIRIACO,RESEX,RESERVA EXTRATIVISTA DO CIRIACO,ICMBio Imperatriz,GR2,0000.00.1519,DEC S/N. de 17/06/2010,MA,AMAZONIA,AMAZONIA,8106.63063657034
292,RESEX DO EXTREMO NORTE DO ESTADO DO TOCANTINS,RESEX,RESERVA EXTRATIVISTA DO EXTREMO NORTE DO ESTADO DO TOCANTINS,ICMBio Imperatriz,GR2,0000.00.0240,DEC 535. de 20/05/1992,TO,AMAZONIA,CERRADO,9070.6031376409
293,RESEX DO LAGO DO CAPANA GRANDE,RESEX,RESERVA EXTRATIVISTA DO LAGO DO CAPANA GRANDE,Gestao singular,GR1,0000.00.0242,DEC S/N. de  03/06/2004,AM,AMAZONIA,AMAZONIA,305080.980973399
294,RESEX DO LAGO DO CUNIA,RESEX,RESERVA EXTRATIVISTA DO LAGO DO CUNIA,ICMBio Cunia-Jacunda,GR1,0000.00.0233,DEC 3.238. de 10/11/1999 ; DEC 9.638. de 26/12/2019,RO,AMAZONIA,AMAZONIA,76411.7057832662
295,RESEX DO MEDIO JURUA,RESEX,RESERVA EXTRATIVISTA DO MEDIO JURUA,Gestao singular,GR1,0000.00.0235,DEC S/N. de 04/03/1997 ; DEC S/N. de 13/10/2014,AM,AMAZONIA,AMAZONIA,286954.806847218
296,RESEX DO MEDIO PURAS,RESEX,RESERVA EXTRATIVISTA DO MEDIO PURAS,ICMBio Labrea,GR1,0000.00.1606,DEC S/N. de 08/05/2008,AM,AMAZONIA,AMAZONIA,600555.102964084
297,RESEX DO MANDIRA,RESEX,RESERVA EXTRATIVISTA DO MANDIRA,ICMBio Iguape,GR4,0000.00.0234,DEC S/N. de 13/12/2002,SP,MATA ATLANTICA,MATA ATLANTICA,1177.81099776475
298,RESEX DO QUILOMBO FLEXAL,RESEX,RESERVA EXTRATIVISTA DO QUILOMBO FLEXAL,ICMBio Sao Luis,GR1,0000.00.1520,DEC 536. de 20/05/1992,MA,AMAZONIA,AMAZONIA,9338.45122576413
299,RESEX DO RIO CAJARI,RESEX,RESERVA EXTRATIVISTA DO RIO CAJARI,Gestao singular,GR1,0000.00.1518,DEC 99.145. de 12/03/1990,AP,AMAZONIA,AMAZONIA,532404.510512866
300,RESEX DO RIO DO CAUTARIO,RESEX,RESERVA EXTRATIVISTA DO RIO DO CAUTARIO,ICMBio Cautario-Guapore,GR1,0000.00.0238,DEC S/N. de 07/08/2001,RO,AMAZONIA,AMAZONIA,75125.4961707584
301,RESEX DO RIO JUTAI,RESEX,RESERVA EXTRATIVISTA DO RIO JUTAI,ICMBio Tefe,GR1,0000.00.0239,DEC S/N. de 16/07/2002,AM,AMAZONIA,AMAZONIA,275515.823299511
302,RESEX DO RIO OURO PRETO,RESEX,RESERVA EXTRATIVISTA DO RIO OURO PRETO,ICMBio Guajara-Mirim,GR1,0000.00.0256,DEC 99.166. de 13/03/1990,RO,AMAZONIA,AMAZONIA,204632.81226661
303,RESEX FILHOS DO MANGUE,RESEX,RESERVA EXTRATIVISTA FILHOS DO MANGUE,Gestao singular,GR1,0000.00.4777,DEC 11.959 de 24/03/2024,PA,AMAZONIA,AMAZONIA,40538.72427
304,RESEX GURUPA-MELGACO,RESEX,RESERVA EXTRATIVISTA GURUPA-MELGACO,Gestao singular,GR1,0000.00.0288,DEC S/N. de 30/11/2006,PA,AMAZONIA,AMAZONIA,145574.108289645
305,RESEX IPAA-ANILZINHO,RESEX,RESERVA EXTRATIVISTA IPAA-ANILZINHO,Gestao singular,GR1,0000.00.0241,DEC S/N. de 14/06/2005,PA,AMAZONIA,AMAZONIA,55835.0121251095
306,RESEX ITAPETININGA,RESEX,RESERVA EXTRATIVISTA ITAPETININGA,ICMBio Sao Luis,GR1,0000.00.3651,DEC 9.333 de 05/04/2018,MA,SISTEMA COSTEIRO-MARINHO,SISTEMA COSTEIRO-MARINHO,16294.1744318894
307,RESEX ITUXI,RESEX,RESERVA EXTRATIVISTA ITUXI,ICMBio Labrea,GR1,0000.00.1628,DEC S/N. de 05/06/2008,AM,AMAZONIA,AMAZONIA,777387.02189037
308,RESEX LAGO DO CEDRO,RESEX,RESERVA EXTRATIVISTA LAGO DO CEDRO,ICMBio Meandros do Araguaia,GR3,0000.00.0287,DEC S/N.de 11/09/2006,GO,CERRADO,CERRADO,17178.0506620203
309,RESEX MAE GRANDE DE CURUCA,RESEX,RESERVA EXTRATIVISTA MAE GRANDE DE CURUCA,ICMBio Salgado Paraense,GR1,0000.00.0243,DEC S/N. de 13/12/2002,PA,AMAZONIA,AMAZONIA,36678.7809665405
310,RESEX MAPUA,RESEX,RESERVA EXTRATIVISTA MAPUA,ICMBio Breves,GR1,0000.00.0244,DEC S/N. de 20/05/2005,PA,AMAZONIA,AMAZONIA,93747.6607366134
311,RESEX MARACANA,RESEX,RESERVA EXTRATIVISTA MARACANA,ICMBio Salgado Paraense,GR1,0000.00.0227,DEC S/N. de 13/12/2002,PA,AMAZONIA,AMAZONIA,30179.6451931826
312,RESEX MARINHA CUINARANA,RESEX,RESERVA EXTRATIVISTA MARINHA CUINARANA,ICMBio Salgado Paraense,GR1,0000.00.3134,DEC S/N. de 10/10/2014,PA,AMAZONIA,AMAZONIA,11036.4109337498
313,RESEX MARINHA DA BAIA DO IGUAPE,RESEX,RESERVA EXTRATIVISTA MARINHA DA BAIA DO IGUAPE,Gestao singular,GR2,0000.00.0245,DEC S/N. de 11/08/2000; LEI 12.058. de 13/10/2009,BA,MATA ATLANTICA,MATA ATLANTICA;SISTEMA COSTEIRO-MARINHO,10082.5909932089
314,RESEX MARINHA DA LAGOA DO JEQUIA,RESEX,RESERVA EXTRATIVISTA MARINHA DA LAGOA DO JEQUIA,Gestao singular,GR2,0000.00.0246,DEC S/N. de 27/09/2001,AL,MATA ATLANTICA,MATA ATLANTICA,10196.6934982512
315,RESEX MARINHA DE ARAI-PEROBA,RESEX,RESERVA EXTRATIVISTA MARINHA DE ARAI-PEROBA,ICMBio Braganca,GR1,0000.00.0247,DEC S/N. de 20/05/2005; DEC S/N. de 10/10/2014,PA,AMAZONIA,AMAZONIA;SISTEMA COSTEIRO-MARINHO,62578.1155664512
316,RESEX MARINHA DE CAETE-TAPERACU,RESEX,RESERVA EXTRATIVISTA MARINHA DE CAETE-TAPERACU,ICMBio Braganca,GR1,0000.00.0248,DEC S/N. de 20/05/2005,PA,AMAZONIA,AMAZONIA,42489.8062642412
317,RESEX MARINHA DE GURUPI-PIRIA,RESEX,RESERVA EXTRATIVISTA MARINHA DE GURUPI-PIRIA,ICMBio Braganca,GR1,0000.00.0249,DEC S/N. de 20/05/2005,PA,AMAZONIA,AMAZONIA,72789.9284198011
318,RESEX MARINHA DE SOURE,RESEX,RESERVA EXTRATIVISTA MARINHA DE SOURE,Gestao singular,GR1,0000.00.0254,DEC de 22/11/2001,PA,AMAZONIA,AMAZONIA,29578.7958680819
319,RESEX MARINHA DE TRACUATEUA,RESEX,RESERVA EXTRATIVISTA MARINHA DE TRACUATEUA,ICMBio Braganca,GR1,0000.00.0250,DEC S/N. de 20/05/2005,PA,AMAZONIA,AMAZONIA,27864.5015639083
320,RESEX MARINHA DO ARRAIAL DO CABO,RESEX,RESERVA EXTRATIVISTA MARINHA DO ARRAIAL DO CABO,Gestao singular,GR4,0000.00.0251,DEC S/N. de 03/01/1997,RJ,MATA ATLANTICA,MATA ATLANTICA,51849.1960013643
321,RESEX MARINHA DO CORUMBAU,RESEX,RESERVA EXTRATIVISTA MARINHA DO CORUMBAU,Gestao singular,GR2,0000.00.0252,DEC S/N. de 21/09/2000,BA,SISTEMA COSTEIRO-MARINHO,SISTEMA COSTEIRO-MARINHO,89996.762447105
322,RESEX MARINHA DO DELTA DO PARNAIBA,RESEX,RESERVA EXTRATIVISTA MARINHA DO DELTA DO PARNAIBA,Gestao singular,GR2,0000.00.0225,DEC S/N. de 16/11/2000,MA;PI,CERRADO,CERRADO;SISTEMA COSTEIRO-MARINHO,27022.0734188426
323,RESEX MARINHA DO PIRAJUBAE,RESEX,RESERVA EXTRATIVISTA MARINHA DO PIRAJUBAE,ICMBio Florianopolis,GR5,0000.00.0255,DEC 533. de 20/05/1992,SC,MATA ATLANTICA,MATA ATLANTICA;SISTEMA COSTEIRO-MARINHO,1686.86614250538
324,RESEX MARINHA MESTRE LUCINDO,RESEX,RESERVA EXTRATIVISTA MARINHA MESTRE LUCINDO,ICMBio Salgado Paraense,GR1,0000.00.3133,DEC S/N. de 10/10/2014,PA,AMAZONIA,AMAZONIA;SISTEMA COSTEIRO-MARINHO,26464.8785437394
325,RESEX MARINHA MOCAPAJUBA,RESEX,RESERVA EXTRATIVISTA MARINHA MOCAPAJUBA,ICMBio Salgado Paraense,GR1,0000.00.3132,DEC S/N. de 10/10/2014,PA,AMAZONIA,AMAZONIA,21027.7966867226
326,RESEX DA MATA GRANDE,RESEX,RESERVA EXTRATIVISTA MATA GRANDE,ICMBio Imperatriz,GR2,0000.00.0226,DEC 532. de 20/05/1992,MA,CERRADO,AMAZONIA,11431.6616435131
327,RESEX PRAINHA DO CANTO VERDE,RESEX,RESERVA EXTRATIVISTA PRAINHA DO CANTO VERDE,ICMBio Batoque-Prainha,GR2,0000.00.1809,DEC S/N. de 05/06/2009,CE,SISTEMA COSTEIRO-MARINHO,SISTEMA COSTEIRO-MARINHO,29805.4819365388
328,RESEX RENASCER,RESEX,RESERVA EXTRATIVISTA RENASCER,Gestao singular,GR1,0000.00.1810,DEC S/N. de 05/06/2009,PA,AMAZONIA,AMAZONIA,209667.373723171
329,RESEX RIO IRIRI,RESEX,RESERVA EXTRATIVISTA RIO IRIRI,ICMBio Terra do Meio,GR1,0000.00.0280,DEC S/N. de 05/06/2006,PA,AMAZONIA,AMAZONIA,398997.612194447
330,RESEX RIO UNINI,RESEX,RESERVA EXTRATIVISTA RIO UNINI,ICMBio Novo Airao,GR1,0000.00.0283,DEC S/N. de 21/06/2006,AM,AMAZONIA,AMAZONIA,849693.349781755
331,RESEX RIO XINGU,RESEX,RESERVA EXTRATIVISTA RIO XINGU,ICMBio Terra do Meio,GR1,0000.00.1635,DEC S/N. de 05/06/2008,PA,AMAZONIA,AMAZONIA,303004.703451954
332,RESEX RIOZINHO DA LIBERDADE,RESEX,RESERVA EXTRATIVISTA RIOZINHO DA LIBERDADE,ICMBio Cruzeiro do Sul,GR1,0000.00.0257,DEC S/N. de 17/02/2005,AC;AM,AMAZONIA,AMAZONIA,324905.932354607
333,RESEX RIOZINHO DO ANFRISIO,RESEX,RESERVA EXTRATIVISTA RIOZINHO DO ANFRISIO,ICMBio Terra do Meio,GR1,0000.00.0258,DEC S/N. de 08/11/2004,PA,AMAZONIA,AMAZONIA,737088.867929842
334,RESEX TAPAJOS-ARAPIUNS,RESEX,RESERVA EXTRATIVISTA TAPAJOS-ARAPIUNS,Gestao singular,GR1,0000.00.0259,DEC S/N. de 06/11/1998,PA,AMAZONIA,AMAZONIA,677521.473574018
335,RESEX TERRA GRANDE-PRACUUBA,RESEX,RESERVA EXTRATIVISTA TERRA GRANDE-PRACUUBA,ICMBio Breves,GR1,0000.00.0282,DEC S/N. de 05/06/2006,PA,AMAZONIA,AMAZONIA,194870.377437289
336,RESEX VERDE PARA SEMPRE,RESEX,RESERVA EXTRATIVISTA VERDE PARA SEMPRE,Gestao singular,GR1,0000.00.0260,DEC S/N. de 08/11/2004,PA,AMAZONIA,AMAZONIA,1289379.74234782
337,RESEX VIRIANDEUA,RESEX,RESERVA EXTRATIVISTA VIRIANDEUA,Gestao singular,GR1,0000.00.4780,DEC 11.958 de 21/03/2024,PA,AMAZONIA,AMAZONIA,34169.2616
